-- --------------------------------------------------------
-- 호스트:                          127.0.0.1
-- 서버 버전:                        10.2.25-MariaDB - mariadb.org binary distribution
-- 서버 OS:                        Win64
-- HeidiSQL 버전:                  9.5.0.5196
-- --------------------------------------------------------

/*!40101 SET @OLD_CHARACTER_SET_CLIENT=@@CHARACTER_SET_CLIENT */;
/*!40101 SET NAMES utf8 */;
/*!50503 SET NAMES utf8mb4 */;
/*!40014 SET @OLD_FOREIGN_KEY_CHECKS=@@FOREIGN_KEY_CHECKS, FOREIGN_KEY_CHECKS=0 */;
/*!40101 SET @OLD_SQL_MODE=@@SQL_MODE, SQL_MODE='NO_AUTO_VALUE_ON_ZERO' */;


-- craq 데이터베이스 구조 내보내기
CREATE DATABASE IF NOT EXISTS `craq` /*!40100 DEFAULT CHARACTER SET utf8 */;
USE `craq`;

-- 테이블 craq.article 구조 내보내기
CREATE TABLE IF NOT EXISTS `article` (
  `pk` int(11) NOT NULL AUTO_INCREMENT,
  `Topic` int(11) DEFAULT NULL,
  `Article` int(11) DEFAULT 0,
  `Content` int(11) DEFAULT NULL COMMENT '채택한 버전의 id 값',
  `answer` int(11) DEFAULT 0,
  `createdUser` int(11) DEFAULT NULL,
  `created_at` timestamp NULL DEFAULT current_timestamp(),
  `updatedUser` int(11) DEFAULT NULL,
  `updated_at` timestamp NOT NULL DEFAULT current_timestamp() ON UPDATE current_timestamp(),
  `is_public` tinyint(4) DEFAULT 0,
  `is_active` tinyint(4) DEFAULT 0,
  `is_removed` tinyint(4) DEFAULT 0,
  `ip_address` text DEFAULT NULL,
  `info` text DEFAULT NULL,
  PRIMARY KEY (`pk`)
) ENGINE=InnoDB AUTO_INCREMENT=942 DEFAULT CHARSET=utf8 COMMENT='모든 게시글의 형식을 저장하는 테이블\r\nArticle 값이 0이면 질문글, 그 외에는 참조하고 있는 질문 글의 id값을 나타냄\r\ncontent는 작성한 글에서 최신 버전의 content id값을 나타냄\r\n(버전이 4개가 있고 각 pk값이 3,5,8, 10)일때 content의 값은 가장 최신인 10을 나타내고 있어야함\r\n\r\n';

-- 테이블 데이터 craq.article:~83 rows (대략적) 내보내기
DELETE FROM `article`;
/*!40000 ALTER TABLE `article` DISABLE KEYS */;
INSERT INTO `article` (`pk`, `Topic`, `Article`, `Content`, `answer`, `createdUser`, `created_at`, `updatedUser`, `updated_at`, `is_public`, `is_active`, `is_removed`, `ip_address`, `info`) VALUES
	(858, 1, 0, 1086, 872, 64, '2019-08-14 09:13:25', 64, '2019-08-14 09:25:59', 0, 0, 0, NULL, NULL),
	(859, 43, 0, 1087, 0, 52, '2019-08-14 09:15:54', 52, '2019-08-14 09:15:54', 0, 1, 0, NULL, NULL),
	(860, 46, 0, 1088, 0, 52, '2019-08-14 09:17:02', 52, '2019-08-14 09:17:02', 0, 1, 0, NULL, NULL),
	(861, 1, 0, 1089, 866, 64, '2019-08-14 09:18:07', 64, '2019-08-14 09:22:50', 0, 0, 0, NULL, NULL),
	(862, 44, 0, 1090, 0, 52, '2019-08-14 09:18:31', 52, '2019-08-14 09:18:31', 0, 1, 0, NULL, NULL),
	(863, 1, 0, 1091, 0, 64, '2019-08-14 09:19:21', 64, '2019-08-14 09:19:21', 0, 0, 0, NULL, NULL),
	(864, 47, 0, 1092, 0, 52, '2019-08-14 09:19:37', 52, '2019-08-14 09:19:37', 0, 1, 0, NULL, NULL),
	(865, 1, 0, 1093, 0, 51, '2019-08-14 09:19:38', 51, '2019-08-14 09:19:38', 0, 0, 0, NULL, NULL),
	(866, 1, 861, 1094, 0, 66, '2019-08-14 09:20:07', 66, '2019-08-14 09:22:50', 0, 1, 0, NULL, NULL),
	(867, 45, 0, 1095, 0, 52, '2019-08-14 09:20:43', 52, '2019-08-14 09:20:43', 0, 1, 0, NULL, NULL),
	(868, 1, 0, 1096, 881, 64, '2019-08-14 09:21:01', 64, '2019-08-14 09:33:19', 0, 0, 0, NULL, NULL),
	(870, 1, 0, 1098, 0, 62, '2019-08-14 09:22:22', 62, '2019-08-14 09:22:22', 0, 0, 0, NULL, NULL),
	(871, 1, 0, 1099, 873, 64, '2019-08-14 09:22:34', 64, '2019-08-14 09:25:49', 0, 0, 0, NULL, NULL),
	(872, 1, 858, 1100, 0, 51, '2019-08-14 09:22:51', 51, '2019-08-14 09:25:59', 0, 1, 0, NULL, NULL),
	(873, 1, 871, 1101, 0, 62, '2019-08-14 09:23:25', 62, '2019-08-14 09:25:49', 0, 1, 0, NULL, NULL),
	(874, 1, 0, 1107, 0, 64, '2019-08-14 09:23:42', 64, '2019-08-14 09:27:24', 0, 0, 0, NULL, NULL),
	(875, 1, 0, 1103, 876, 64, '2019-08-14 09:24:31', 64, '2019-08-14 09:33:10', 0, 0, 0, NULL, NULL),
	(876, 1, 875, 1104, 0, 62, '2019-08-14 09:25:14', 62, '2019-08-14 09:33:10', 0, 1, 0, NULL, NULL),
	(877, 1, 0, 1105, 0, 64, '2019-08-14 09:25:35', 64, '2019-08-14 09:28:59', 0, 0, 0, NULL, NULL),
	(878, 45, 0, 1106, 0, 67, '2019-08-14 09:25:59', 67, '2019-08-14 09:25:59', 0, 0, 0, NULL, NULL),
	(879, 1, 870, 1108, 0, 67, '2019-08-14 09:28:32', 67, '2019-08-14 09:28:32', 0, 0, 0, NULL, NULL),
	(880, 1, 0, 1110, 0, 64, '2019-08-14 09:28:52', 64, '2019-08-14 09:28:52', 0, 0, 0, NULL, NULL),
	(881, 1, 868, 1111, 0, 67, '2019-08-14 09:29:38', 67, '2019-08-14 09:33:19', 0, 1, 0, NULL, NULL),
	(882, 1, 877, 1112, 0, 66, '2019-08-14 09:29:50', 66, '2019-08-14 09:29:50', 0, 0, 0, NULL, NULL),
	(883, 1, 875, 1113, 0, 66, '2019-08-14 09:32:27', 66, '2019-08-14 09:32:27', 0, 0, 0, NULL, NULL),
	(884, 1, 0, 1114, 0, 68, '2019-08-14 09:37:49', 68, '2019-08-14 09:37:49', 0, 0, 0, NULL, NULL),
	(885, 2, 0, 1115, 0, 68, '2019-08-14 09:40:24', 68, '2019-08-14 09:40:24', 0, 1, 0, NULL, NULL),
	(886, 2, 0, 1116, 0, 68, '2019-08-14 09:40:54', 68, '2019-08-14 09:40:54', 0, 1, 0, NULL, NULL),
	(887, 1, 884, 1118, 0, 64, '2019-08-14 09:41:26', 64, '2019-08-14 09:42:35', 0, 0, 0, NULL, NULL),
	(888, 1, 0, 1119, 0, 62, '2019-08-14 09:46:16', 62, '2019-08-14 09:46:16', 0, 0, 0, NULL, NULL),
	(889, 1, 0, 1124, 0, 67, '2019-08-14 09:47:17', 67, '2019-08-14 09:53:54', 0, 0, 0, NULL, NULL),
	(890, 45, 0, 1121, 0, 62, '2019-08-14 09:48:01', 62, '2019-08-14 09:48:01', 0, 0, 0, NULL, NULL),
	(891, 45, 0, 1122, 0, 65, '2019-08-14 09:51:08', 65, '2019-08-14 09:51:08', 0, 0, 0, NULL, NULL),
	(892, 1, 889, 1123, 0, 66, '2019-08-14 09:53:20', 66, '2019-08-14 09:53:20', 0, 0, 0, NULL, NULL),
	(893, 1, 0, 1125, 0, 66, '2019-08-14 09:54:56', 66, '2019-08-14 09:54:56', 0, 0, 0, NULL, NULL),
	(894, 44, 0, 1126, 0, 65, '2019-08-14 09:55:16', 65, '2019-08-14 09:55:16', 0, 0, 0, NULL, NULL),
	(895, 43, 0, 1127, 0, 65, '2019-08-14 09:56:09', 65, '2019-08-14 09:56:09', 0, 0, 0, NULL, NULL),
	(896, 46, 0, 1128, 0, 65, '2019-08-14 09:58:32', 65, '2019-08-14 09:58:32', 0, 0, 0, NULL, NULL),
	(897, 47, 0, 1129, 0, 65, '2019-08-14 10:00:12', 65, '2019-08-14 10:00:12', 0, 0, 0, NULL, NULL),
	(898, 1, 0, 1130, 0, 50, '2019-08-14 10:00:53', 50, '2019-08-14 10:00:53', 0, 0, 0, NULL, NULL),
	(899, 1, 0, 1133, 900, 66, '2019-08-14 10:03:50', 66, '2019-08-14 10:18:21', 0, 0, 0, NULL, NULL),
	(900, 1, 899, 1132, 0, 66, '2019-08-14 10:17:33', 66, '2019-08-14 10:17:36', 0, 1, 0, NULL, NULL),
	(901, 48, 0, 1134, 0, 65, '2019-08-14 10:22:48', 65, '2019-08-14 10:22:48', 0, 0, 0, NULL, NULL),
	(902, 48, 0, 1135, 0, 66, '2019-08-14 10:23:06', 66, '2019-08-14 10:23:06', 0, 0, 0, NULL, NULL),
	(903, 1, 899, 1136, 0, 64, '2019-08-14 10:23:14', 64, '2019-08-14 10:23:14', 0, 0, 0, NULL, NULL),
	(904, 48, 0, 1137, 0, 67, '2019-08-14 10:23:16', 67, '2019-08-14 10:23:16', 0, 1, 0, NULL, NULL),
	(905, 48, 0, 1138, 0, 67, '2019-08-14 10:25:11', 67, '2019-08-14 10:25:11', 0, 0, 0, NULL, NULL),
	(906, 48, 0, 1139, 0, 65, '2019-08-14 10:26:42', 65, '2019-08-14 10:26:42', 0, 0, 0, NULL, NULL),
	(907, 45, 0, 1140, 0, 64, '2019-08-14 10:28:41', 64, '2019-08-14 10:28:41', 0, 0, 0, NULL, NULL),
	(908, 1, 899, 1141, 0, 66, '2019-08-14 10:32:14', 66, '2019-08-14 10:32:14', 0, 0, 0, NULL, NULL),
	(909, 48, 0, 1142, 0, 64, '2019-08-14 10:37:51', 64, '2019-08-14 10:37:51', 0, 0, 0, NULL, NULL),
	(910, 48, 0, 1143, 0, 65, '2019-08-14 10:38:43', 65, '2019-08-14 10:39:06', 0, 0, 1, NULL, NULL),
	(911, 48, 0, 1144, 0, 64, '2019-08-14 10:39:02', 64, '2019-08-14 10:39:02', 0, 0, 0, NULL, NULL),
	(912, 1, 899, 1145, 0, 64, '2019-08-14 10:41:59', 64, '2019-08-14 10:41:59', 0, 0, 0, NULL, NULL),
	(913, 1, 899, 1146, 0, 64, '2019-08-14 10:44:59', 64, '2019-08-14 10:44:59', 0, 0, 0, NULL, NULL),
	(914, 1, 0, 1147, 0, 70, '2019-08-14 10:51:50', 70, '2019-08-14 10:51:50', 0, 0, 0, NULL, NULL),
	(915, 45, 0, 1148, 0, 70, '2019-08-14 10:53:28', 70, '2019-08-14 10:53:28', 0, 0, 0, NULL, NULL),
	(916, 45, 0, 1149, 0, 70, '2019-08-14 10:53:43', 70, '2019-08-14 10:53:43', 0, 0, 0, NULL, NULL),
	(917, 1, 0, 1150, 0, 74, '2019-08-14 10:54:21', 74, '2019-08-14 10:54:21', 0, 0, 0, NULL, NULL),
	(918, 48, 0, 1151, 0, 70, '2019-08-14 10:55:24', 70, '2019-08-14 10:55:24', 0, 0, 0, NULL, NULL),
	(919, 48, 0, 1152, 0, 79, '2019-08-14 10:56:07', 79, '2019-08-14 10:56:07', 0, 0, 0, NULL, NULL),
	(920, 48, 0, 1153, 0, 70, '2019-08-14 10:56:16', 70, '2019-08-14 11:16:14', 0, 0, 1, NULL, NULL),
	(921, 1, 861, 1154, 0, 80, '2019-08-14 10:56:17', 80, '2019-08-14 10:56:17', 0, 0, 0, NULL, NULL),
	(922, 48, 0, 1155, 0, 70, '2019-08-14 10:56:43', 70, '2019-08-14 10:56:43', 0, 0, 0, NULL, NULL),
	(923, 48, 0, 1156, 0, 70, '2019-08-14 10:57:16', 70, '2019-08-14 11:16:06', 0, 0, 1, NULL, NULL),
	(924, 48, 0, 1157, 0, 70, '2019-08-14 10:57:58', 70, '2019-08-14 10:57:58', 0, 0, 0, NULL, NULL),
	(925, 48, 0, 1158, 0, 80, '2019-08-14 10:59:01', 80, '2019-08-14 11:16:03', 0, 0, 1, NULL, NULL),
	(926, 48, 0, 1159, 0, 70, '2019-08-14 10:59:08', 70, '2019-08-14 11:15:56', 0, 0, 1, NULL, NULL),
	(927, 48, 0, 1160, 0, 70, '2019-08-14 10:59:45', 70, '2019-08-14 11:16:04', 0, 0, 1, NULL, NULL),
	(928, 48, 0, 1161, 0, 70, '2019-08-14 11:00:58', 70, '2019-08-14 11:16:12', 0, 0, 1, NULL, NULL),
	(929, 1, 0, 1169, 930, 72, '2019-08-14 11:01:20', 72, '2019-08-14 11:03:46', 0, 0, 0, NULL, NULL),
	(930, 1, 929, 1163, 0, 66, '2019-08-14 11:01:39', 66, '2019-08-14 11:02:59', 0, 1, 0, NULL, NULL),
	(931, 1, 929, 1171, 0, 64, '2019-08-14 11:01:48', 64, '2019-08-14 11:04:42', 0, 0, 0, NULL, NULL),
	(932, 48, 0, 1166, 0, 80, '2019-08-14 11:02:04', 80, '2019-08-14 11:02:04', 0, 0, 0, NULL, NULL),
	(933, 1, 0, 1167, 0, 78, '2019-08-14 11:02:54', 78, '2019-08-14 11:02:54', 0, 0, 0, NULL, NULL),
	(934, 1, 0, 1170, 0, 79, '2019-08-14 11:03:54', 79, '2019-08-14 11:03:54', 0, 0, 0, NULL, NULL),
	(935, 1, 0, 1172, 0, 84, '2019-08-14 11:06:11', 84, '2019-08-14 11:06:11', 0, 0, 0, NULL, NULL),
	(936, 1, 935, 1173, 0, 82, '2019-08-14 11:06:44', 82, '2019-08-14 11:06:44', 0, 0, 0, NULL, NULL),
	(937, 1, 0, 1177, 0, 86, '2019-08-14 11:07:52', 86, '2019-08-14 11:13:04', 0, 0, 0, NULL, NULL),
	(938, 48, 0, 1175, 0, 82, '2019-08-14 11:09:20', 82, '2019-08-14 11:09:20', 0, 0, 0, NULL, NULL),
	(939, 48, 0, 1176, 0, 70, '2019-08-14 11:09:34', 70, '2019-08-14 11:15:51', 0, 0, 1, NULL, NULL),
	(940, 1, 937, 1178, 0, 66, '2019-08-14 11:17:59', 66, '2019-08-14 11:17:59', 0, 0, 0, NULL, NULL),
	(941, 1, 929, 1179, 0, 70, '2019-08-14 11:38:45', 70, '2019-08-14 11:38:45', 0, 0, 0, NULL, NULL);
/*!40000 ALTER TABLE `article` ENABLE KEYS */;

-- 테이블 craq.comment 구조 내보내기
CREATE TABLE IF NOT EXISTS `comment` (
  `pk` int(11) NOT NULL AUTO_INCREMENT,
  `User` int(11) NOT NULL,
  `Content` int(11) NOT NULL,
  `parentComment` int(11) NOT NULL COMMENT '0이면 상위댓글 없음',
  `body` text NOT NULL,
  `createdUser` int(11) DEFAULT NULL,
  `created_at` timestamp NULL DEFAULT current_timestamp(),
  `updatedUser` int(11) DEFAULT NULL,
  `updated_at` timestamp NOT NULL DEFAULT current_timestamp() ON UPDATE current_timestamp(),
  `is_public` tinyint(4) DEFAULT 0,
  `is_active` tinyint(4) DEFAULT 0,
  `is_removed` tinyint(4) DEFAULT 0,
  `ip_address` text DEFAULT NULL,
  `info` text DEFAULT NULL,
  PRIMARY KEY (`pk`)
) ENGINE=InnoDB AUTO_INCREMENT=360 DEFAULT CHARSET=utf8;

-- 테이블 데이터 craq.comment:~57 rows (대략적) 내보내기
DELETE FROM `comment`;
/*!40000 ALTER TABLE `comment` DISABLE KEYS */;
INSERT INTO `comment` (`pk`, `User`, `Content`, `parentComment`, `body`, `createdUser`, `created_at`, `updatedUser`, `updated_at`, `is_public`, `is_active`, `is_removed`, `ip_address`, `info`) VALUES
	(303, 67, 1105, 0, '디버거에서 빨간색 x 표 나온 곳 보면, p2 = p2->link; 입니다. 그 때의 p2 값을 보면 0x00000000 이고요. 왜 p2 가 0x0000000 인지 거꾸로 쫓아가면 되잖아요? 뭐가 궁금한 건가요?', 67, '2019-08-14 09:27:55', 67, '2019-08-14 09:27:55', 0, 0, 0, NULL, NULL),
	(304, 64, 1089, 0, '아니 답변좀 달아주세요 모르겠다고', 64, '2019-08-14 09:29:41', 64, '2019-08-14 09:29:41', 0, 0, 0, NULL, NULL),
	(305, 64, 1105, 0, '그걸 어떻게하죠', 64, '2019-08-14 09:30:03', 64, '2019-08-14 09:30:03', 0, 0, 0, NULL, NULL),
	(306, 67, 1110, 0, '링크가 깨져요', 67, '2019-08-14 09:30:32', 67, '2019-08-14 09:30:32', 0, 0, 0, NULL, NULL),
	(307, 64, 1091, 0, '소스 수정했어요!', 64, '2019-08-14 09:30:46', 64, '2019-08-14 09:30:46', 0, 0, 0, NULL, NULL),
	(308, 64, 1100, 0, '안되던데요?', 64, '2019-08-14 09:31:04', 64, '2019-08-14 09:31:04', 0, 0, 0, NULL, NULL),
	(309, 64, 1110, 0, 'https://hashcode.co.kr/questions/8598/nodejs%EC%97%90%EC%84%9C-js%EA%B0%99%EC%9D%80-%ED%8C%8C%EC%9D%BC%EC%9D%84-%EC%95%95%EC%B6%95%EC%A0%84%EC%86%A1%ED%95%98%EB%8A%94-%EB%B0%A9%EB%B2%95%EC%9D%84-%EC%95%8C%EA%B3%A0-%EC%8B%B6%EC%8A%B5%EB%8B%88%EB%8B%A4', 64, '2019-08-14 09:31:54', 64, '2019-08-14 09:31:54', 0, 0, 0, NULL, NULL),
	(310, 64, 1108, 0, '근데 제가 원하던 답변이 아니에요 ㅠㅠㅠ', 64, '2019-08-14 09:32:41', 64, '2019-08-14 09:32:41', 0, 0, 0, NULL, NULL),
	(311, 64, 1111, 0, 'stdbool은 처음봤네요 와', 64, '2019-08-14 09:33:33', 64, '2019-08-14 09:33:33', 0, 0, 0, NULL, NULL),
	(312, 64, 1096, 0, '추가 궁금한점은 댓글 부탁드립니다', 64, '2019-08-14 09:33:46', 64, '2019-08-14 09:33:46', 0, 0, 0, NULL, NULL),
	(313, 64, 1112, 0, '너누구냐', 64, '2019-08-14 09:34:57', 64, '2019-08-14 09:34:57', 0, 0, 0, NULL, NULL),
	(314, 64, 1112, 0, '아이돈노후유아 벗 아윌킬유', 64, '2019-08-14 09:35:07', 64, '2019-08-14 09:35:07', 0, 0, 0, NULL, NULL),
	(315, 64, 1112, 0, '아윌 저스트 파인 유 앤 아윌 렬리킬유', 64, '2019-08-14 09:35:29', 64, '2019-08-14 09:35:29', 0, 0, 0, NULL, NULL),
	(316, 64, 1104, 0, '아니 제가 말한건 엑셀이잖아여', 64, '2019-08-14 09:36:08', 64, '2019-08-14 09:36:08', 0, 0, 0, NULL, NULL),
	(317, 64, 1107, 0, '소스가 꺠져서 보이네요 ㅠㅠ ', 64, '2019-08-14 09:37:52', 64, '2019-08-14 09:37:52', 0, 0, 0, NULL, NULL),
	(318, 64, 1114, 0, '정신나가겠네', 64, '2019-08-14 09:40:09', 64, '2019-08-14 09:40:09', 0, 0, 0, NULL, NULL),
	(319, 64, 1117, 0, '아니 내 점수 왜깎냐 뉘겨', 64, '2019-08-14 09:42:28', 64, '2019-08-14 09:42:28', 0, 0, 0, NULL, NULL),
	(320, 67, 1123, 0, '안움직이는데유?', 67, '2019-08-14 09:53:55', 67, '2019-08-14 09:53:55', 0, 0, 0, NULL, NULL),
	(321, 64, 1123, 0, '뭐지 나만 고정사진으로 보이나요?', 64, '2019-08-14 09:54:11', 64, '2019-08-14 09:54:11', 0, 0, 0, NULL, NULL),
	(322, 64, 1125, 0, '질문꼬라지보소 으디서 말야 ', 64, '2019-08-14 09:55:52', 64, '2019-08-14 09:55:52', 0, 0, 0, NULL, NULL),
	(323, 67, 1125, 0, '이상한 질문 자제요', 67, '2019-08-14 09:59:15', 67, '2019-08-14 09:59:15', 0, 0, 0, NULL, NULL),
	(324, 67, 1131, 0, 'asd', 67, '2019-08-14 10:07:33', 67, '2019-08-14 10:07:33', 0, 0, 0, NULL, NULL),
	(325, 64, 1132, 0, '고양이는 추천입니다', 64, '2019-08-14 10:18:25', 64, '2019-08-14 10:18:25', 0, 0, 0, NULL, NULL),
	(326, 64, 1133, 0, '질문 퀄리티가 후잡해여', 64, '2019-08-14 10:18:49', 64, '2019-08-14 10:18:49', 0, 0, 0, NULL, NULL),
	(327, 62, 1101, 0, '감사합니다', 62, '2019-08-14 10:23:10', 62, '2019-08-14 10:23:10', 0, 0, 0, NULL, NULL),
	(328, 62, 1136, 0, 'ㅋㅋㅋㅋㅋㅋㅋ', 62, '2019-08-14 10:23:43', 62, '2019-08-14 10:23:43', 0, 0, 0, NULL, NULL),
	(329, 62, 1136, 0, 'ㅋㅋㅋㅋㅋㅋㅋㅋㅋㅋㅋㅋㅋㅋㅋㅋㅋㅋ', 62, '2019-08-14 10:24:55', 62, '2019-08-14 10:24:55', 0, 0, 0, NULL, NULL),
	(330, 62, 1136, 0, 'ㅎ', 62, '2019-08-14 10:25:12', 62, '2019-08-14 10:25:12', 0, 0, 0, NULL, NULL),
	(331, 62, 1136, 0, '헷', 62, '2019-08-14 10:25:53', 62, '2019-08-14 10:25:53', 0, 0, 0, NULL, NULL),
	(332, 65, 1138, 0, 'ㅇㅈ 합니다 시즌 4에서 못나가고 있어요', 65, '2019-08-14 10:27:29', 65, '2019-08-14 10:27:29', 0, 0, 0, NULL, NULL),
	(333, 64, 1132, 0, '저 고양이 중성화된건가여', 64, '2019-08-14 10:29:09', 64, '2019-08-14 10:29:09', 0, 0, 0, NULL, NULL),
	(334, 67, 1132, 0, '??', 67, '2019-08-14 10:29:21', 67, '2019-08-14 10:29:21', 0, 0, 0, NULL, NULL),
	(335, 67, 1132, 0, '???', 67, '2019-08-14 10:30:40', 67, '2019-08-14 10:30:40', 0, 0, 0, NULL, NULL),
	(336, 66, 1133, 0, 'dd', 66, '2019-08-14 10:31:22', 66, '2019-08-14 10:31:22', 0, 0, 0, NULL, NULL),
	(337, 62, 1132, 0, '안녕하세요', 62, '2019-08-14 10:31:50', 62, '2019-08-14 10:31:50', 0, 0, 0, NULL, NULL),
	(338, 66, 1133, 0, 'adfff', 66, '2019-08-14 10:31:53', 66, '2019-08-14 10:31:53', 0, 0, 0, NULL, NULL),
	(339, 66, 1133, 0, 'sadasd', 66, '2019-08-14 10:33:39', 66, '2019-08-14 10:33:39', 0, 0, 0, NULL, NULL),
	(340, 62, 1132, 0, 'ㅠ', 62, '2019-08-14 10:33:40', 62, '2019-08-14 10:33:40', 0, 0, 0, NULL, NULL),
	(341, 64, 1132, 0, '???', 64, '2019-08-14 10:33:45', 64, '2019-08-14 10:33:45', 0, 0, 0, NULL, NULL),
	(342, 64, 1133, 0, '아니 헤더파일 두개남겨놓으면 뭐...', 64, '2019-08-14 10:34:17', 64, '2019-08-14 10:34:17', 0, 0, 0, NULL, NULL),
	(343, 64, 1138, 0, '헤에~ (슥삭슥삭) 기대가 댑니다 ㅎ', 64, '2019-08-14 10:36:13', 64, '2019-08-14 10:36:13', 0, 0, 0, NULL, NULL),
	(344, 64, 1135, 0, '디바 적폐챔', 64, '2019-08-14 10:36:22', 64, '2019-08-14 10:36:22', 0, 0, 0, NULL, NULL),
	(345, 65, 1144, 0, '쉬림프 ㄱㄱ', 65, '2019-08-14 10:39:15', 65, '2019-08-14 10:39:15', 0, 0, 0, NULL, NULL),
	(346, 65, 1142, 0, '처갓집 ㄱㄱ', 65, '2019-08-14 10:39:32', 65, '2019-08-14 10:39:32', 0, 0, 0, NULL, NULL),
	(347, 64, 1130, 0, '글씨가 너무 구려요', 64, '2019-08-14 10:40:44', 64, '2019-08-14 10:40:44', 0, 0, 0, NULL, NULL),
	(348, 65, 1132, 0, '??? 귀엽', 65, '2019-08-14 10:42:42', 65, '2019-08-14 10:42:42', 0, 0, 0, NULL, NULL),
	(349, 79, 1153, 0, 'ㅋㅋㅋㅋhtml태그가 다 먹네요', 79, '2019-08-14 10:56:54', 79, '2019-08-14 10:56:54', 0, 0, 0, NULL, NULL),
	(350, 79, 1153, 0, '오잉', 79, '2019-08-14 10:56:58', 79, '2019-08-14 10:56:58', 0, 0, 0, NULL, NULL),
	(351, 76, 1130, 0, 'ㅋㅋㅋㅋㅋ 감사합니다', 76, '2019-08-14 10:58:52', 76, '2019-08-14 10:58:52', 0, 0, 0, NULL, NULL),
	(352, 70, 1164, 0, '<h1>test</h1>', 70, '2019-08-14 11:02:19', 70, '2019-08-14 11:02:19', 0, 0, 0, NULL, NULL),
	(353, 64, 1165, 0, '수정자 정신나간듯', 64, '2019-08-14 11:02:27', 64, '2019-08-14 11:02:27', 0, 0, 0, NULL, NULL),
	(354, 82, 1092, 0, '1111', 82, '2019-08-14 11:03:01', 82, '2019-08-14 11:03:01', 0, 0, 0, NULL, NULL),
	(355, 72, 1169, 0, 'asdasnqwlndqasd', 72, '2019-08-14 11:03:59', 72, '2019-08-14 11:03:59', 0, 0, 0, NULL, NULL),
	(356, 66, 1165, 0, 'hihihi', 66, '2019-08-14 11:04:01', 66, '2019-08-14 11:04:01', 0, 0, 0, NULL, NULL),
	(357, 82, 1172, 0, '11111', 82, '2019-08-14 11:06:29', 82, '2019-08-14 11:06:29', 0, 0, 0, NULL, NULL),
	(358, 82, 1172, 0, '513523134', 82, '2019-08-14 11:06:32', 82, '2019-08-14 11:06:32', 0, 0, 0, NULL, NULL),
	(359, 82, 1175, 0, '123', 82, '2019-08-14 11:09:59', 82, '2019-08-14 11:09:59', 0, 0, 0, NULL, NULL);
/*!40000 ALTER TABLE `comment` ENABLE KEYS */;

-- 테이블 craq.content 구조 내보내기
CREATE TABLE IF NOT EXISTS `content` (
  `pk` int(11) NOT NULL AUTO_INCREMENT,
  `Article` int(11) DEFAULT NULL,
  `version` int(11) NOT NULL DEFAULT 1,
  `beforeContent` int(11) DEFAULT NULL,
  `title` text DEFAULT NULL,
  `body` longtext DEFAULT NULL,
  `image` varchar(200) DEFAULT 'default_image',
  `createdUser` int(11) DEFAULT NULL,
  `created_at` timestamp NULL DEFAULT current_timestamp(),
  `updatedUser` int(11) DEFAULT NULL,
  `updated_at` timestamp NOT NULL DEFAULT current_timestamp() ON UPDATE current_timestamp(),
  `is_public` tinyint(4) DEFAULT 0,
  `is_active` tinyint(4) DEFAULT 0,
  `is_removed` tinyint(4) DEFAULT 0,
  `ip_address` text DEFAULT NULL,
  `info` text DEFAULT NULL,
  PRIMARY KEY (`pk`)
) ENGINE=InnoDB AUTO_INCREMENT=1180 DEFAULT CHARSET=utf8 COMMENT='최초 작성시 version = 1, beforeContent = NULL 으로 셋팅';

-- 테이블 데이터 craq.content:~93 rows (대략적) 내보내기
DELETE FROM `content`;
/*!40000 ALTER TABLE `content` DISABLE KEYS */;
INSERT INTO `content` (`pk`, `Article`, `version`, `beforeContent`, `title`, `body`, `image`, `createdUser`, `created_at`, `updatedUser`, `updated_at`, `is_public`, `is_active`, `is_removed`, `ip_address`, `info`) VALUES
	(1086, 858, 1, NULL, '자바 코딩 질문좀 드립니다.', '<p>안녕하세요, 해쉬코드에 처음 글 올려보는 새내기입니다.</p><p>다른 게 아니라</p><p>지금 자바로 해야 하는 과제가 하나 있는데</p><p>제가 해결하지 못하는 것이 뭐냐면</p><p>배열판 10*10을 가지고 Panel을 이용해서 노란공과 파란공을 무작위로 움직이는데</p><p>파란공이 노란공 동,서,남,북 중 하나에 붙으면 노란공이 움직이는 방향으로</p><p>따라 움직이게 하는 걸 해보려 하거든요.</p><p>근데 그걸 어떻게 코드상으로 해야 할 지 모르겠습니다.</p><p>파란공이 노란공에 붙는 순간 노란공이 움직이는 방향대로 파란공도 똑같이 움직이게 해야하는데</p><p>기존에 파란공이랑 노란공은 위치가 서로 달라서 배열 인덱스값이 아예 다른데</p><p>붙었을 때 어떻게 노란공이 변화하는 거에 따라 파란공도 똑같이 변화하는지 그게 궁금합니다.</p><p>예를 들어</p><p>노란공이 배열판[5][5]에 위치해 있고 파란공에 [5][6]에 있다 할 때, 옆에 붙은 상황이니까 노란공이 [5][5]에서 [4][5]가 되면 파란공은 [4][6] 이런식으로 움직이게 하려는데 이걸 어떻게 코딩을 짜야 할지 도무지 모르겠습니다.</p><p>제가 설명을 잘한건지는 모르겠는데, 답변 부탁드릴게요 ㅠㅠ.</p><p data-f-id="pbf" style="text-align: center; font-size: 14px; margin-top: 30px; opacity: 0.65; font-family: sans-serif;">Powered by <a href="https://www.froala.com/wysiwyg-editor?pb=1" title="Froala Editor">Froala Editor</a></p>', 'undefined', 64, '2019-08-14 09:13:25', 64, '2019-08-14 09:13:25', 0, 0, 0, NULL, NULL),
	(1087, 859, 1, NULL, 'Python 관련 질문만 해주세요', '안하면 다 삭제합니다', '1565741752839.png', 52, '2019-08-14 09:15:54', NULL, '2019-08-14 09:15:54', 0, 0, 0, NULL, NULL),
	(1088, 860, 1, NULL, 'Android 관련 질문만 해주세요', '딴 게시판 가시거나  아니면 신청해주세요', '1565741820644.jpg', 52, '2019-08-14 09:17:02', NULL, '2019-08-14 09:17:02', 0, 0, 0, NULL, NULL),
	(1089, 861, 1, NULL, '파이썬 딕셔너리 출력', '<p>학번과 성적을 입력해서 딕셔너리에 저장하고 다시 학번을 입력해서 그 학번에 해당하는 성적을 출력하게 하려고하는데 어떻게 해야할까요?</p><p data-f-id="pbf" style="text-align: center; font-size: 14px; margin-top: 30px; opacity: 0.65; font-family: sans-serif;">Powered by <a href="https://www.froala.com/wysiwyg-editor?pb=1" title="Froala Editor">Froala Editor</a></p>', 'undefined', 64, '2019-08-14 09:18:07', 64, '2019-08-14 09:18:07', 0, 0, 0, NULL, NULL),
	(1090, 862, 1, NULL, 'JAVA 관련 질문', 'JAVA언어 관련된 글만 작성해주세요', '1565741910209.jpg', 52, '2019-08-14 09:18:31', NULL, '2019-08-14 09:18:31', 0, 0, 0, NULL, NULL),
	(1091, 863, 1, NULL, 'C++ 다중if문 질문있습니다', '<p>도끼를 챙길까 말까하는 선택지에서 어떤 값을 입력해도 else값만 나옵니다. 어떤 부분이 문제인지 어떻게 고쳐야하는지를 알려주세요. 처음 질문이지만 자세히 알려주시면 감사하겠습니다. while은 뺴도 상관이 없는것 같네요... </p><p>```</p><pre><code>//#include&lt;stdio.h&gt;\nmain() {    int ans,ans1;    printf("~~~~~~~~~~~~~~~~~~~~~~~~~~~~~~~~~~~~~~~~~~~~~~~~~~~~~~~~~~~~~~\n");    printf("당신은 무인도에 표류했다.\n");    printf("저 멀리 성에 당신의 아리따운 공주님이 갇혀있는 것이 보인다.\n");    printf("구하러 나갈 것인가?\n");    printf("~~~~~~~~~~~~~~~~~~~~~~~~~~~~~~~~~~~~~~~~~~~~~~~~~~~~~~~~~~~~~~\n");    printf("[ Y / N ]\n");     scanf("%c1", &amp;ans);    while(ans&gt;0){     if(ans==89){    printf("모험을 떠나기로 한 당신.\n");    printf("집에 가보로 전해져 내려오는 거대한 도끼가 있다.\n");    printf("챙기겠는가...?\n");    printf("[ Y / N ]\n");     scanf("%c2",&amp;ans1);     if(ans1 == 89)     {        printf("너무 무거워서 당신은 움직이지못해 굶어 죽었다.\n");     }         else if(ans1==78) printf("가벼운 발걸음으로 당신은 길을 걷기 시작했다.\n");         else printf ("다른 것을 누르시게.\n");    }\n</code></pre><p><br></p><p>이곳에 코드를 작성하십시오.</p><p>```</p><p data-f-id="pbf" style="text-align: center; font-size: 14px; margin-top: 30px; opacity: 0.65; font-family: sans-serif;">Powered by <a href="https://www.froala.com/wysiwyg-editor?pb=1" title="Froala Editor">Froala Editor</a></p>', 'undefined', 64, '2019-08-14 09:19:21', 64, '2019-08-14 09:19:21', 0, 0, 0, NULL, NULL),
	(1092, 864, 1, NULL, 'IOS 게시판입니다', 'IOS 관련 게시글만 작성해주세요', '1565741975873.png', 52, '2019-08-14 09:19:37', NULL, '2019-08-14 09:19:37', 0, 0, 0, NULL, NULL),
	(1093, 865, 1, NULL, 'Java 테스트 중 질문드립니다.', '<p>Arrays.sort<br><br>Arrays.copyOfRange</p><p>API써서 테스트해봤는데 두 부분만 can not find symbol 오류 뜨는데<br>어떻게해야하죠 ?ㅠㅠ</p><h6>작성중인 코드―Solution.java<code><pre>class Solution {    public int[] solution(int[] array, int[][] commands) {\n        int[] answer = new int[commands.length];\n        for(int i=0;i&lt;commands.length;i++){\n            int beginIndex = (commands[i][0])-1;            int endIndex = commands[i][1];            int k = (commands[i][2])-1;            System.out.println("beginIndex : "+beginIndex);            System.out.println("endIndex : "+endIndex);            System.out.println("k의 값 : "+k);\n            //시작index, 끝index 기준으로 자른 배열 복사하기            int temp[] = Arrays.copyOfRange(array, beginIndex, endIndex);\n            //복사된 배열 오름차순으로 정렬            Arrays.sort(temp);\n            //k번째 배열 answer 배열에 담기            answer[i] = temp[k];        }        return answer;    }\n}</pre><table><tbody><tr></tr></tbody></table></code></h6><p data-f-id="pbf" style="text-align: center; font-size: 14px; margin-top: 30px; opacity: 0.65; font-family: sans-serif;">Powered by <a href="https://www.froala.com/wysiwyg-editor?pb=1" title="Froala Editor">Froala Editor</a></p>', 'undefined', 51, '2019-08-14 09:19:38', 51, '2019-08-14 09:19:38', 0, 0, 0, NULL, NULL),
	(1094, 866, 1, NULL, 'undefined', '<p>a = dict()로 딕셔너리 만들고</p><p>a[학번]=성적 이런식으로 학번성적데이터를 이터레이트하세용.</p><p>그리고 원하는 학번을</p><p>print(a[학번])하면 feel so good</p><p data-f-id="pbf" style="text-align: center; font-size: 14px; margin-top: 30px; opacity: 0.65; font-family: sans-serif;">Powered by <a href="https://www.froala.com/wysiwyg-editor?pb=1" title="Froala Editor">Froala Editor</a></p>', 'undefined', 66, '2019-08-14 09:20:07', 66, '2019-08-14 09:20:07', 0, 0, 0, NULL, NULL),
	(1095, 867, 1, NULL, 'Vue 게시판입니다', 'Vue와 관련된 게시글만 작성해주세요', '1565742041832.png', 52, '2019-08-14 09:20:43', NULL, '2019-08-14 09:20:43', 0, 0, 0, NULL, NULL),
	(1096, 868, 1, NULL, 'C++ 버퍼를 콘솔에 적용시키는데, 무한반복이 발생합니다', '<p>1. 문제가 생긴 부분에 대한 요약</p><p>2. 문제 해결을 위해 당신이 시도한 것 들에 대한 설명</p><p>3. 시도한 코드를 작성하십시오.</p><p>4. 오류 메시지를 포함하여 예상 결과 및 실제 결과 설명</p><p>```</p><p><img src="https://res.cloudinary.com/eightcruz/image/upload/v1560245421/hcs6uwk80jlamodh8pro.png" alt="ì´ë¯¸ì§"> </p><p>```</p><p data-f-id="pbf" style="text-align: center; font-size: 14px; margin-top: 30px; opacity: 0.65; font-family: sans-serif;">Powered by <a href="https://www.froala.com/wysiwyg-editor?pb=1" title="Froala Editor">Froala Editor</a></p>', 'undefined', 64, '2019-08-14 09:21:01', 64, '2019-08-14 09:21:01', 0, 0, 0, NULL, NULL),
	(1098, 870, 1, NULL, 'vue 배포후 간단한 수정은 어떤 방식으로 하시나요?', '<div itemprop="text"><p>초초보개발자입니다. html같은 경우는 서비스중에도 ftp접속해서 html,js,css의 오타나 간단한 수정할 수 있지만</p><p>vue로 개발 후에 배포해서 서비스가 진행중에 발견된 오타나 간단한 수정이 있을 경우 어떤 식으로 수정하시는 지 알고 싶습니다. 개발했던것에서 수정후에 다시 배포후 업로드하는지 아니면 서비스중인 서버에서 찾아서 수정하시는지요.</p><p>js파일로 통합되어 있어서 찾기 쉽지않을것 같아서 궁금해서 질문합니다.</p></div><p><br></p>', 'undefined', 62, '2019-08-14 09:22:22', 62, '2019-08-14 09:22:22', 0, 0, 0, NULL, NULL),
	(1099, 871, 1, NULL, '자바로 {1,2,3,4,5,6,7,8,9,0}중에 3,7을 제외한 숫자 랜덤 뽑기', '<p>안녕하세요 자연수 집합중에 특정 숫자을 제외한 숫자를 랜덤하게 뽑으려면 어떻게 해야 대나요? </p><p><br></p><p data-f-id="pbf" style="text-align: center; font-size: 14px; margin-top: 30px; opacity: 0.65; font-family: sans-serif;">Powered by <a href="https://www.froala.com/wysiwyg-editor?pb=1" title="Froala Editor">Froala Editor</a></p>', 'undefined', 64, '2019-08-14 09:22:34', 64, '2019-08-14 09:22:34', 0, 0, 0, NULL, NULL),
	(1100, 872, 1, NULL, 'undefined', '<p>조건문으로 하면 되지 않을까란 생각이 듭니다</p><p>if(list[i][j] == 노란공 &amp;&amp; list[i][j+1] == 파란공)</p><p>{ list[i][j] == null ;</p><p>list[i][j+1] == null;</p><p>list[i-1][j] == 노란공;</p><p>list[i-1][j+1] == 파란공; }</p><p>이런 식으로 처리하면 가능하지 않을까요?</p><p data-f-id="pbf" style="text-align: center; font-size: 14px; margin-top: 30px; opacity: 0.65; font-family: sans-serif;">Powered by <a href="https://www.froala.com/wysiwyg-editor?pb=1" title="Froala Editor">Froala Editor</a></p>', 'undefined', 51, '2019-08-14 09:22:51', 51, '2019-08-14 09:22:51', 0, 0, 0, NULL, NULL),
	(1101, 873, 1, NULL, 'undefined', '<p>아래 샘플을 참고해보세요.</p><pre><code>jshell&gt; List&lt;Integer&gt; L = IntStream.range(0, 10).filter(i -&gt; i !=3 &amp;&amp; i != 7).boxed().collect(Collectors.toList()); L ==&gt; [0, 1, 2, 4, 5, 6, 8, 9] \njshell&gt; int choiceNumber = L.get(new Random().nextInt(L.size())); choiceNumber ==&gt; 5\n jshell&gt; int choiceNumber = L.get(new Random().nextInt(L.size())); choiceNumber ==&gt; 4\n jshell&gt; int choiceNumber = L.get(new Random().nextInt(L.size())); choiceNumber ==&gt; 1\n</code></pre><p><br></p>', 'undefined', 62, '2019-08-14 09:23:25', 62, '2019-08-14 09:23:25', 0, 0, 0, NULL, NULL),
	(1102, 874, 1, NULL, 'if중첩문 정리', '<p>1. 문제가 생긴 부분에 대한 요약</p><p>2. 문제 해결을 위해 당신이 시도한 것 들에 대한 설명</p><p>3. 시도한 코드를 작성하십시오.</p><p>4. 오류 메시지를 포함하여 예상 결과 및 실제 결과 설명</p><p>```</p><pre><code>def followtheradio():    if var.get()==1: #원        if var2.get()==1:#컬            if var3.get()==1: #크기제한                if var4.get()==1: #테두리                    None # [c1]                else:                    None # [c2]            else:                if var4.get()==1:                    None # [c3]                else:                    None # [c4]                                                     else:            if var3.get()==1:                if var4.get()==1:                    None # [c5]                else:                    None # [c6]                                    else:                if var4.get()==1:                    None # [c7]                else:                    None # [c8]</code></pre><p>```</p><p data-f-id="pbf" style="text-align: center; font-size: 14px; margin-top: 30px; opacity: 0.65; font-family: sans-serif;">Powered by <a href="https://www.froala.com/wysiwyg-editor?pb=1" title="Froala Editor">Froala Editor</a></p>', 'undefined', 64, '2019-08-14 09:23:42', 64, '2019-08-14 09:23:42', 0, 0, 0, NULL, NULL),
	(1103, 875, 1, NULL, '엑셀파일 파이썬으로 자료 받는 법', '<p>제가 엑셀도 파이썬도 초보자입니다 엑셀파일을 파이썬으로 불러오는 부분이 이해가 되지 않아 질문드립니다 원하는 행이나 원하는 열만 자료를 추출해서 저장,사용하고자 하려면 어떤 방식으로 코드를 구성해야하나여?? </p><p data-f-id="pbf" style="text-align: center; font-size: 14px; margin-top: 30px; opacity: 0.65; font-family: sans-serif;">Powered by <a href="https://www.froala.com/wysiwyg-editor?pb=1" title="Froala Editor">Froala Editor</a></p>', 'undefined', 64, '2019-08-14 09:24:31', 64, '2019-08-14 09:24:31', 0, 0, 0, NULL, NULL),
	(1104, 876, 1, NULL, 'undefined', '<div itemprop="text"><p>혹시&nbsp;<strong>메모장</strong>은 써보셨어요? 메모장으로 특정 txt 파일의 원하는 행이나 글자만 추출하는 작업을, 노가다로 한다면 어떻게 하시겠어요?</p><ol><li>메모장으로 txt 파일을 엽니다.</li><li><strong>별도로, 새 메모장을 열어둡니다.</strong></li><li>원하는 행/글자가 있는지 찾아봅니다. 없으면 포기합니다.</li><li>원하는 행/글자가 있으면 그걸 선택해서 Ctrl+C 를 눌러 복사합니다.</li><li><strong>방금 복사한 걸 별도로 만들어둔 새 메모장에 Ctrl+V로 붙여넣습니다.</strong></li><li>원하는 모든 행/글자를 다 뽑아낼 때까지 3~5를 반복합니다.</li><li><strong>원하는 모든 행/글자가 다 붙여넣어진 새 메모장 내용을 적당한 이름으로 저장합니다.</strong></li></ol><p>그리고 사실 엑셀이건 파이썬이건 입장은 별반 다르지 않습니다. 결국 다 노가다거든요. 이 노가다를 파이썬에게 시키기만 하면 됩니다. 시키는 방법은&nbsp;<a href="https://code.tutsplus.com/ko/tutorials/how-to-work-with-excel-documents-using-python--cms-25698" target="_blank">공부해 보세요.</a></p></div><p><br></p>', 'undefined', 62, '2019-08-14 09:25:14', 62, '2019-08-14 09:25:14', 0, 0, 0, NULL, NULL),
	(1105, 877, 1, NULL, 'c언어 다항식 재질문합니다', '<p><img src="https://res.cloudinary.com/eightcruz/image/upload/v1559487201/q9mwdh9wmei5bdrev6t9.jpg" alt="ì´ë¯¸ì§"></p><p>마지막에 상수항이 안 더해지고</p><p><img src="https://res.cloudinary.com/eightcruz/image/upload/v1559487284/zrh7pozwjxl6xivfjudw.jpg" alt="ì´ë¯¸ì§"><br></p><p>static NODE *polyAdd(NODE *head1, NODE *head2) { NODE *item = (NODE *)0; NODE *p1 = head1; NODE *p2 = head2; NODE *head, *tail = (NODE *)0; </p><p data-f-id="pbf" style="text-align: center; font-size: 14px; margin-top: 30px; opacity: 0.65; font-family: sans-serif;">Powered by <a href="https://www.froala.com/wysiwyg-editor?pb=1" title="Froala Editor">Froala Editor</a></p>', 'undefined', 64, '2019-08-14 09:25:35', 64, '2019-08-14 09:25:35', 0, 0, 0, NULL, NULL),
	(1106, 878, 1, NULL, '솔직히 뷰보다', '리액트가 더 좋음 ㅇㅇ', '', 67, '2019-08-14 09:25:59', 67, '2019-08-14 09:25:59', 0, 0, 0, NULL, NULL),
	(1107, 874, 2, 1102, 'if중첩문 정리(소스다시 수정했어요)', '<p>소스 다시 수정합니다</p><p>```</p><pre><code>def followtheradio():    </code>\n<code>if var.get()==1: #원        </code>\n<code>if var2.get()==1:#컬            </code>\n<code>if var3.get()==1: #크기제한                </code>\n<code>if var4.get()==1: #테두리                    None # [c1]                </code>\n<code>else:                    None # [c2]            </code>\n<code>else:                </code>\n<code>if var4.get()==1:                    None # [c3]                </code>\n<code>else:                    None # [c4]                                                     </code>\n<code>else:            </code>\n<code>if var3.get()==1:                </code>\n<code>if var4.get()==1:                    None # [c5]                </code>\n<code>else:                    None # [c6]                                    </code>\n<code>else:                </code>\n<code>if var4.get()==1:                    None # [c7]                </code>\n<code>else:                    None # [c8]</code></pre><p>```</p><p data-f-id="pbf" style="text-align: center; font-size: 14px; margin-top: 30px; opacity: 0.65; font-family: sans-serif;">Powered by <a href="https://www.froala.com/wysiwyg-editor?pb=1" title="Froala Editor">Froala Editor</a></p>', 'undefined', 64, '2019-08-14 09:27:24', 64, '2019-08-14 09:27:24', 0, 0, 0, NULL, NULL),
	(1108, 879, 1, NULL, 'undefined', '<p>말씀하시는 건 핫픽스(hotfix)라는 것인데 초보라고 하시니 이 부분은 외우시면 좋을 것 같습니다.</p><ol><li><strong>절대로 라이브 서버에서 핫픽스를 진행하지 않습니다.</strong> 나중에 그 변경 내용을 개발 환경으로 어떻게 가져오시려구요?</li><li><strong>절대로 빌드된 결과에서 필요한 부분만 수정해 쓰지 않습니다.</strong> 이건 소위 "게임핵", "크랙"들이나 하는 짓입니다.</li></ol><p>아무리 번거로워도 재빌드 재배포하셔야 합니다. 기본 개념을 그렇게 잡아 주세요. 애초에, 빌드된 js 파일의 경우 재수가 없으면 브라우저가 캐시를 잡을 수 있습니다. 그러면 암만 그 js 파일 내용을 고쳐도 브라우저 캐시가 없어질 때까지 적용이 안될 수 있습니다.</p><p data-f-id="pbf" style="text-align: center; font-size: 14px; margin-top: 30px; opacity: 0.65; font-family: sans-serif;">Powered by <a href="https://www.froala.com/wysiwyg-editor?pb=1" title="Froala Editor">Froala Editor</a></p>', 'undefined', 67, '2019-08-14 09:28:32', 67, '2019-08-14 09:28:32', 0, 0, 0, NULL, NULL),
	(1109, 877, 2, 1105, 'c언어 다항식 재질문합니다', '<p><img src="https://res.cloudinary.com/eightcruz/image/upload/v1559487201/q9mwdh9wmei5bdrev6t9.jpg" alt="ì´ë¯¸ì§"></p><p>마지막에 상수항이 안 더해집니다. 왜 그런거죠</p><p data-f-id="pbf" style="text-align: center; font-size: 14px; margin-top: 30px; opacity: 0.65; font-family: sans-serif;">Powered by <a href="https://www.froala.com/wysiwyg-editor?pb=1" title="Froala Editor">Froala Editor</a></p>', 'undefined', 66, '2019-08-14 09:28:39', 66, '2019-08-14 09:28:39', 0, 0, 0, NULL, NULL),
	(1110, 880, 1, NULL, 'node.js에서 js같은 파일을 압축전송하는 방법을 알고 싶습니다.', '<p>이거 비슷한 질문을 몇번 하고 삭제하면서 따로 검색한결과 제가 원하는 과정이 압축전송이란걸 알게 되었습니다.. 그래서 결론은</p><p>gzip을 이용한 압축전송 방법에 대해 알고싶습니다. 찾아봐도 제대로 배운게 없으니 잘 모르겠네요...</p><p>```</p><p>이곳에 코드를 작성하십시오.</p><p>```</p><p><a href="https://hashcode.co.kr/questions/8598/nodejs%EC%97%90%EC%84%9C-js%EA%B0%99%EC%9D%80-%ED%8C%8C%EC%9D%BC%EC%9D%84-%EC%95%95%EC%B6%95%EC%A0%84%EC%86%A1%ED%95%98%EB%8A%94-%EB%B0%A9%EB%B2%95%EC%9D%84-%EC%95%8C%EA%B3%A0-%EC%8B%B6%EC%8A%B5%EB%8B%88%EB%8B%A4">https://hashcode.co.kr/questions/8598/nodejs%EC%97%90%EC%84%9C-js%EA%B0%99%EC%9D%80-%ED%8C%8C%EC%9D%BC%EC%9D%84-%EC%95%95%EC%B6%95%EC%A0%84%EC%86%A1%ED%95%98%EB%8A%94-%EB%B0%A9%EB%B2%95%EC%9D%84-%EC%95%8C%EA%B3%A0-%EC%8B%B6%EC%8A%B5%EB%8B%88%EB%8B%A4</a> </p><p data-f-id="pbf" style="text-align: center; font-size: 14px; margin-top: 30px; opacity: 0.65; font-family: sans-serif;">Powered by <a href="https://www.froala.com/wysiwyg-editor?pb=1" title="Froala Editor">Froala Editor</a></p>', 'undefined', 64, '2019-08-14 09:28:52', 64, '2019-08-14 09:28:52', 0, 0, 0, NULL, NULL),
	(1111, 881, 1, NULL, 'undefined', '<pre>#include &lt;stdio.h&gt;\n<strong>#include</strong><strong> &lt;stdbool.h&gt;    </strong>// bool, true, false가 정의된 헤더 파일\n\nint main()\n{    while (true)    // while에 true를 지정하면 무한 루프    {        printf("Hello, world!\n");    }\n    return 0;\n}</pre><p data-f-id="pbf" style="text-align: center; font-size: 14px; margin-top: 30px; opacity: 0.65; font-family: sans-serif;">Powered by <a href="https://www.froala.com/wysiwyg-editor?pb=1" title="Froala Editor">Froala Editor</a></p>', 'undefined', 67, '2019-08-14 09:29:38', 67, '2019-08-14 09:29:38', 0, 0, 0, NULL, NULL),
	(1112, 882, 1, NULL, 'undefined', '<p>질문좀똑빠로해라</p><p data-f-id="pbf" style="text-align: center; font-size: 14px; margin-top: 30px; opacity: 0.65; font-family: sans-serif;">Powered by <a href="https://www.froala.com/wysiwyg-editor?pb=1" title="Froala Editor">Froala Editor</a></p>', 'undefined', 66, '2019-08-14 09:29:50', 66, '2019-08-14 09:29:50', 0, 0, 0, NULL, NULL),
	(1113, 883, 1, NULL, 'undefined', '<p>Python 모듈 pandas 참고해줘요</p><p><br></p><p>엑셀, csv 불러와서 dataframe클래스으로 maintain가능합니다</p><p data-f-id="pbf" style="text-align: center; font-size: 14px; margin-top: 30px; opacity: 0.65; font-family: sans-serif;">Powered by <a href="https://www.froala.com/wysiwyg-editor?pb=1" title="Froala Editor">Froala Editor</a></p>', 'undefined', 66, '2019-08-14 09:32:27', 66, '2019-08-14 09:32:27', 0, 0, 0, NULL, NULL),
	(1114, 884, 1, NULL, '코드 질문입니다.', '<h3>코드 질문입니다. 틀린 이유를 모르겠어요..</h3><blockquote><a href="https://www.acmicpc.net/problem/1699">1699번 - 제곱수의 합</a></blockquote><p><br></p><p>#include &lt;stdio.h&gt;</p><p>#include &lt;stdlib.h&gt;</p><p><br></p><p>#define max(a,b) (((a)&gt;(b))?(a):(b))</p><p>int dp[100001];</p><p><br></p><p>int main()</p><p>{</p><p>&nbsp; &nbsp; int N;</p><p>&nbsp; &nbsp; scanf("%d", &amp;N);</p><p><br></p><p>&nbsp; &nbsp; int i;</p><p>&nbsp; &nbsp; long long j = 1;</p><p>&nbsp; &nbsp; for (i = 1; i &lt;= N; i++)</p><p>&nbsp; &nbsp; {</p><p>&nbsp; &nbsp; &nbsp; &nbsp; if (i &gt; j*j) {</p><p>&nbsp; &nbsp; &nbsp; &nbsp; &nbsp; &nbsp; j++;</p><p>&nbsp; &nbsp; &nbsp; &nbsp; }</p><p><br></p><p>&nbsp; &nbsp; &nbsp; &nbsp; if (i == j*j) {</p><p>&nbsp; &nbsp; &nbsp; &nbsp; &nbsp; &nbsp; dp[i] = 1;</p><p>&nbsp; &nbsp; &nbsp; &nbsp; }</p><p>&nbsp; &nbsp; &nbsp; &nbsp; else {</p><p>&nbsp; &nbsp; &nbsp; &nbsp; &nbsp; &nbsp; dp[i] = dp[i-(j-1)*(j-1)] + 1;</p><p>&nbsp; &nbsp; &nbsp; &nbsp; }</p><p>&nbsp; &nbsp; }</p><p>&nbsp; &nbsp; printf("%d\n", dp[N]);</p><p>&nbsp; &nbsp; return 0;</p><p>}</p><p data-f-id="pbf" style="text-align: center; font-size: 14px; margin-top: 30px; opacity: 0.65; font-family: sans-serif;">Powered by <a href="https://www.froala.com/wysiwyg-editor?pb=1" title="Froala Editor">Froala Editor</a></p>', 'undefined', 68, '2019-08-14 09:37:49', 68, '2019-08-14 09:37:49', 0, 0, 0, NULL, NULL),
	(1115, 885, 1, NULL, '질문 작성하는 방법', '질문에는 잘 작성해야 합니다.', '', 68, '2019-08-14 09:40:24', NULL, '2019-08-14 09:40:24', 0, 0, 0, NULL, NULL),
	(1116, 886, 1, NULL, '해시태그 검색방법', '해시태그는 []를 포함하여 검색하면 됩니다.\n또는 쉬프트 키를 누른 상태로 해시태그를 누르면 검색 목록에 해당 해시태그가 추가됩니다.', '', 68, '2019-08-14 09:40:54', NULL, '2019-08-14 09:40:55', 0, 0, 0, NULL, NULL),
	(1117, 887, 1, NULL, 'undefined', '<p>내공냠냠</p><p><br></p><p><img src="http://jjal.today/data/file/gallery/thumb-1028612757_beN1BnSD_d3fc7ba1d3a4abd4295f6e4f448c007815caed25_640x480.jpg" alt="ê°ìì§¤ì ëí ì´ë¯¸ì§ ê²ìê²°ê³¼"> </p><p data-f-id="pbf" style="text-align: center; font-size: 14px; margin-top: 30px; opacity: 0.65; font-family: sans-serif;">Powered by <a href="https://www.froala.com/wysiwyg-editor?pb=1" title="Froala Editor">Froala Editor</a></p>', 'undefined', 64, '2019-08-14 09:41:26', 64, '2019-08-14 09:41:26', 0, 0, 0, NULL, NULL),
	(1118, 887, 2, 1117, 'undefined', '<p>내공냠냠</p><p><br></p><p><img src="data:image/jpeg;base64,/9j/4AAQSkZJRgABAQAAAQABAAD/2wCEAAkGBxMTEhUTExMWFhUXFxgXGBcXGBcXGBgaFxcWFxcZFxUYHSggGBolGxcVITEhJSkrLi4uFx8zODMtNygtLisBCgoKDg0OGhAQGisdHR0tLTAtLSsrKy0tLS0tLS0tLS0tLi0uLS0tKy0tLS0tLS0tLS0rLS0rKy0tLS0tLS0tLf/AABEIAL4BCQMBIgACEQEDEQH/xAAcAAACAgMBAQAAAAAAAAAAAAAEBQMGAQIHAAj/xABAEAACAQIEAwYCCAUDBAIDAAABAhEAAwQSITEFQVEGEyJhcYEykRQjQlKSobHBFRZi0fBy4fEzQ1PCgqIHJGP/xAAZAQADAQEBAAAAAAAAAAAAAAAAAQIDBAX/xAAtEQACAgECBQIGAgMBAAAAAAAAAQIRAxIhBBMxUZFBUhQyQmFx4SKCJDNiI//aAAwDAQACEQMRAD8AfMulYI/zpUoMGYDeR1B6/lTDDX0LG5eR1HwrCnxt5kaGBFbcXx2TFnjjjC01d2Rh4fmRbsUEgbmB1OlVfi+MLXZDSogDp8q6RYxFlrLXihgPlgNPSJJ0AHXaisBhbd3PCEAZcpJOoZc2o5Gs5cZmf0LyavhNKbfoc0ukBIuE7zI032AqQ30WCHkKQI1MAifer7xG5Zt5YBYl8h8TCCCARHoa9xLurZyjKx10N2CCBIBHLSdTS+Lzexef0UuE6bvc5txDEE62n/8AiNwOs9KHw/F3WQ8t+R+ddYv28OsD7yF0bPKtECBBknWhsLcsMttmVlz5hJaQGWCV3mSJI56Uvi83sXn9AuFtXv4OdYjiaskyQfMT6a9aD+mMgEgEHUH9TFdOsXbBtG4yMIbJo0gnWNzoCBzjWieH2LNxnWCCpGmYzlZVYEjl8Ue1Hxeb2rz+gfCVds5TiOJZlCwBO+kR5/70Mb7DY85001Gkz6RXU72KsBwiox+syGWIHLb5n5UXxBLNp1QqSW2JcKp1gjXUnXYCj4vN7V5/Q3wb2u9/scst8XeMrCeh6+tajirzG3IA6xXXuIYKzaQuVYgEDRuZ0EkmhMFhkvC5COkBSCZ1zLMEHRvbQ0S4zMlvFeSI8MmtSZy7FcRb4SRtBjr1mlrAkwBqP08/0p/xywLV1gtrQgNIGgLTIHlp+dCJcYKFCiTz02/tXbiyLLBTXqc8o6W0LcO5B0En0mtr9xp1J03BP6U6t8LQjmepmPlXrnCwFkeKDInT2mtNJImw+JZCGiY60wTiSNukyYOukfrWLltGJLAgmI1mPPTlRVjhwCMM3Lc9etNJgG4e6FAKyvmDEdDTzBdorq+Fj3n+r4o9aqi2mQKsyDodfeRRFi05mXP7j3ocU+oHQOHcct3tAcrHkf2OxpiTXMWFwAsNxOh5+9RWeLtr42VhplJ0PofWs3iRWo6ez9D/AJvULN+9c+Xj2J+ENA031/apF7Q35ALAx8U6n5UuWw1F5e5UbXKqD9rGtlRdtyD9pd/l18qsGExyXACjA+4kUaBWGB/l/n+9c8v8RxyXrpBvObTarJNsTqM4B1SJOgERG9O8Vxe6pfxeIMwCBCTAa4FB0JBgKZ2hhSq/at3X7xm8RLE5lIM+NQQPsghU1MTOlY5lq6A42gK3xLHMLh725pmefEoWIEQ2TSW+AEiSIryY/Eiytx7+IPeDwqHcMMqqrNvEd5mgb1N3Cw4kFSCYc5WYqxhTJhfgUz9oMImtHW0UKJ/23cROpz3XzPlnMZVbRA0J1I0M1z8uTW73I0P1Ze8NcJRCdSUUz1lRP5z86lz+VVT+LMqkZjIEKoTONGcLmZV5gLpMjNrVpyj/ACa9GElW42mhJ/EXU/8ASWOszHsaunDsvcEuhYBpACFzOgBCjnVGyCOZ9qt2DVLloo10oDJIEDMGiDJG/pXncc0s0G+lM6+H6NfcacKS33b5AQpdgQwiCPCRHqKV8JxFqwzWw+YNdKljAg5JXU/ENInrTXC3LaA/XBpM+IjSd4gUE+GtnEJd723lUfBI3gjT51HOh3Xk6Iu3JSumFcVwVmGdlAYQcwHiJBBjTXWIqK/YGJRXUtaMywIhpHJupHL96IxJsOQWZCRMa7T6Vpw0WbKBVdPMyPEep84pvLD3LyTFtRve0B4nGJfyW7ZYZny5oykFVZ9uYIBrGMxCCz3KsxZCiloYQcyrOciC0naZImpMPh1W73nfplknJCgeIQdvQQfXrWcdgcNckllzMwYnMeRGwnoIpc2HuXk1TimlvSJ8BaUq9ky3dkKxYblhmBB5xNS4TDFAQWza7wAdgBPUwBrXsNctIXIuJDEHfooXU89qmOMt/fT5imsuP3LyYTc23V0wG7wu2TmygEsGJHMgzWcRw8OZZ33lQCAFPlAmjPpVr76fMVBfx9tdmDt91TJjr0FJ5sSVuS8iUsn3JkTw5d9I13+f+b1HhcGLefLMNGhJMZVjQn51gcRt/ZbOZ1C7jrI5elZu4+3lJzjbl/belLNicXUl07kx19DlnaKxdOIBTbKvPQb7jalos3LY+DMSZ01/4p5xjGBbhBI0Cg9fP5UKcUNCDmDTtpAAmu3glWCFmOb52YtXGK+Z3kbVDbDusFgpHMbH0qW3xC0RAca8v7nlW162YgBQDXXZkaCzPg7wAgbA60SVX7WvrzoZ8Edw0GQZ5/8AFSXLYJ+LxRp0pgSd2pAGmX/Nq2uCFMdKFvu0a5SQJ03HtWxvmCVWToDJgeooAU/TXBzMpIGnkROtYwmIBZlZSEGykfDPPyon6crIQy5SAfeOh50NYw3eAlW8XqAdetSwNMcptsAZZPsnn86h1jNP5/vUmIVlGVgNuZmI1kUE5I2OnT+9JsAxcWzeFlDe+vzrW1fIYAAoJGo/KtMNcBBBMGNNP3rRsQToSdOvlt+9KwLZgOL3ho0svL0G5mjD2ktgwSwMxvt/tVHs4tlEakE60VYxImYJEag61Vio6AHVwDowkEbEA9R0M896kDHqfn+tUbDcUa2c9sQpMZTz9qs/CeKreGgKsIlT59DT2AZFz1PzrGY16sTVCFBNe7xhszAdJ0+VB2LzEnMsVFi8WwgKJJ2jWflt71nKMWqaVFqTXQBxfEsQGP1jgEwOX51tb4piHBh2mJgDWB5xRIzlsly3sfFPLkRHWnHF0RiVRQBEaabelZ/D439K8FKcu4gwvH2iLjvOsEfoTRn02++UrmAHLMPF7ihH4DcuHMCSACWOmyiW1nUgawJ0mt8GuUZXfLGwEKCOtJYMV1pXgWuXca2b10CWcmeXTyqYYp/vGgEuqsiQBuBMmpFcH+/Wq+Hxe1eA1y7hX0l/vGvfSX+8aFZo119KDu8SCzmIBE6EfKjkYl9K8Brl3Gj4p/vEfKvWsW/xZj0pfZxRZc0DKdtDt5ipbF/MJGmvsfSplw2GSpwVDWSafUZ2eJsp0PLbY+/U+dKcbj2DZM7jMZBGsA/pWGuO1zKlvMRudt+lWPh/Zx7u4j1rNcPw8G2oobnOXqVW7w8MBrKjr85nrURsoAPrDodMqnb7tX+12EUEamOkmNaYWuxdkMGHoRyq+fFdBaG+pzC7gbZ8emUbg6R71A+IysAolRtMknrFdgtdk7A+IZp67e9DYjsRYJLJKnlzA9AaXxCBwOXNYdiQH8PMTrHlWMTaCicwiNjv7V0PF9hpACsNNzsWoPGdhrhkoV8g3LrFXz4i0M5dibpP+3Tzou3jWNsEnVSNDzq33+xlxCcyBsx0y/vVV4xwl7V1h3ZEaD+48qamn6i0sA4hiCzCY0GgH+b1FYuEaTAO9YvK0+IQYioqdiDrVxGBDanSDttzmi7dldNVueQ3jqPOk9bWXykH/anYFivYBAvhQtGu8GkuKuggALBBP/BphgsSG2Yqx32OvWh8beVwSfiHMDfzNNgLwx+db4e8UMj5dals4ZX2JjqBUNy1B0II67VIDEPbLaNE6+IaD3oi1i1t6qxD8yNQfUcqSM8wI1GnrRNu5kHiUzyP7GqsReOGcZS4csw/TkfQ01iub2mkh1GoWTr56R+VTfxHE/fNOwGbY5hEwATBncew5UzwOIw65GJOYLekKJDBrb5ZYmE6RqZjSlHFOHBiuusEAcvmdal4Hw51hmeyA4YQ7WywYA5YQkHVoHoajJ0KQ1xzfW3I18Z38svPnUOHuy7MDqG9fOYgzQ/EsYFuaNbYuSQLbZgJ2Ut1maHwF4k3AATDa6xy2qoNaSkv4tlkTiCMtxYMlbxGYgNphbqs5VfCMxYCP3pBiHTLLKG5ddf2pmvAm7u4WLZlR5Kn4fqWuqZ6HLlIP36rmLw5Xlm2OaI/5rOFJuiWGkMdisbRzHlNewqssAHTodRpyBpcL0nxBQecH8yKlzv9lxBB309hzrWxBN2/9ZDkiBtyM+deeznkgBvIiY9a14XhjdbwLMCGzb+3UVe+zfZlU8ZWJ5dKxyZlFFxg2J+Fdn3dAdmAiBMEddaa8N7I5dDt0GnvV0wuGCgeVE5RXLzpM00pCjh3AbVv7Mk86bqgFYZorQ3ahyb6lJE0isZxQj3q07+ocylANNwVqbooA36jN/zqNZaxDRblbE0stX9ane/EU1MlwDIoTGcLtXfjQGsrfqQXapTE4MRcU7GYa7Phyk8xVT4l/wDjMANkYk8ieXlFdMFytg1aLI0Q4nAcf2WxFsxkYjkYNJ79hlMFYPTnX0jfsBhBFc57W9i2LG5bOupJJ/Kt4Zb2ZnKBzAkkjr8qwDH6UfjOHXFbUT+W1DHDuupXT1GldBmabbGDsYnnU2EuoNHUGTv/AHqC9dLGT0ry25EjkaEwDsV3RGikNyg6UL3RESfCdZGvz+VYtNqDoY5HaibOIVVIKiSQR0imAIDB00qXvn6itFsFy2Xlrr0qPuz1FIRccUp8MHX0nX9qLwztbi4VgHOgJ2MiGylSGBg8jNQXCCPij5fMUXgcT4CveFVIzCMoJOgAzMDlny8qufQpAHGODnvna63iL5gRKrE7qusCOtA4I5e9dR4gx3nLAA360Tx6+73XBMIrFczHxFQdJAA18zS/B3it5gxhCw5wDEaA8pHOsk+hvFf+Uvyh1b462U94+hS7OpYnNauWwSRyBf8ATpWjwV0giPl50daXDtiLDWWUEvcVkVmYPbNl5zZhoocQPvaGNKqWBu3ba5gCwIGkaHTryog1exgxrcwYnOYYAaiN/Kt8HgWuZQqnykaj36VJwTB3rrjKIH2s37V0Hg/BhaEk61nmzxiqRpDG2D9muCm0PEBrVjVhtQOMxgQUFhOI5zuI9a8t5HJnWoUixI9blqBt363bEgVrFkOJI9yh3vUPdxIqC5ihRZSiEvdqFrtQLdmvXKze5aRI12ozdodqjNyoZaGNq5U7XDS+xcFTXLwFFhQWlyKlS7SV8TRdi9NNMTQzF6plu0vRqmD1omZtB63KxeUMIOtBLcohLoq0zNxKl2o7Jd6M1vwkbR+dc54v2fuWdzM7jWfeu8ZwaQ8a4Yrg6adN5raOZozlA4QykGCNa3Nv7skGNYn1mrLiODBHYHUTpyI8qX37Jt+BNyZ1Mb8hXclas52ha9jKQROU7E6UfasZx4gADoOv5daZ4ewzfGCI2mN4A9N6UY+3cVufrH9qqgB0RgxAkAkqRGoqH6IfL51LcfSZJJM6aH3qCP8AV86QFwuYQMIYys6eVE4fC5rWRs7MjFwUZLfhMaXHYE5QYiAd+VZo/h2DJylmZFY5QwIE9dTy25ijJ8o0DcXYPeY5ADs3wnUHWCPi9TVfbhq3e8kkEPofYbjnTy6sM3QkkSSSZO8kAmfMUDgt7n+r/wBRWf1RR1Y1/jz/AChXg7V2w5IUaZspjfMpXQ8tCT7U87PYS9dbKbYyjaNvzrOUkgb6j/mug8CwapbHXnU8RPQqRhjhqN+HcKt2hIUZqIxF2BUt5wB6Ul41jVVZYwAK8qbs7YxKr2v453QAJJJOgqXsviHyS3OqjevnE4ku2iqYUfvVzwloZRFRFUase2sbWz4sUrVo5UZg1ncVaJewQqk60NilI1FG3LgA3Apfdxq1dCTIbGLgxTOzdlarOOuA6qaI4dxHSDvtWa2ZQ7czQV54NTq8gUFiZmiQ0F4a4DU11qXWWgVKbpNTQEiGmNpwBSO/iQupoS1xMuYExVJpCLO+L6VsmJjzpRh1J51JctsKe4qQ1OKmpLeI86SK3nUb4gjnRqDSWMYzzqS3fDVUbnEYB1orhPE83Op1icAbtRhVUFgRMyaroUMOTDl++tXfjODW6h5SN65vfF5XhSAq7+YnlXq8LltUcWaNMYEgDmBtpy86gNpGX4jrrmnf3oLErdaWtiBsYOrftWMBg3thWzEA/GrcvMRXVZia4jg86rEdBz9fOhf4d/8Azf50/TQwIipp/wAinSA2J/w1stwjnGnQH5ZgYqW33bGD4PzHv0qW9gY2dSPWk6ezAEZyWdiAJYkRQuD0a5/r/YUWFqCzbIa5ofj/AGFYzaWWKOvG/wDHn+UTKat/AOIjLBOtU+pLN0qdKM+PWrRz45Uy7YvF7nkK5z204k90ZQ0KN/OrZeM28x6a1Q+M2wW8BjyPrXhzu9z08dEfZywSdN66DgbECDVN4IhQg1crF4sNauPQUupLctsPhy+9Lcb9M+x3fzNO7ds9Kkaw1FjKPc4fxFjLXUX/AEif1qI8LvLOfEXvZ1A+WWrw+HJ5UBjeEO22lNNjpFOti4jCLzMN/GAZ8pAFWPh+GzR89K0PZAtqznyphwnhb2jq+aPWn1B0hrhrAAisPZ5AUVbtk7afpUiIwPlTUSHIVfQjExQt5CBVjvtpB0HKkvElIEAT50NAmV7HajxERUnDbiDbX0pPj17y5lZdJ5z71KvZy2RHdgHqCVPrINSki2mXDD31Om1ElZFUFuF4yxrbuG4v3WJJ9m3o/AcfvKIvWnTzjMPmKrUTpY+uCDvQWMOlafTFuag16+NKi7AR8WxPdoSaz2ZxpOsyOtRdqFm0ai7FoO5UjUTqOlKS2GjpmFuZlg86rXHuHqhzCP39jTfB3IAiiOMWQ1skLmIG3OtuHnpaMcsLOe3VVBAPnExUKYkMMvXfXX2nlXsRg5Mm3Op0JOnlXrXC4IKtlEyANfWa9pO6Z5/Rh6YcCI0AqeRWh3raqA0JrwNYmtlUkwNTQBlT50ThMSyvcUMAC+siRqorA4dd+4d6Kw1o97cBSVLbxt4RXHla50fwzpx/6ZL7okQoQc+ViNgJE+9bYOyruMqRrzo5MJh01J1PkT+Qonh+QnwfpFLNOo7GcI7k2LwvhgaaVWMXwtZJI1q7FRGtLcdZBFebKN7nbF0VjD4MDlTKw4EUNiEIOn61hFJ+1Ul0NlxnSpBjY3NJyjbBq1OHbctSaY00WbD4sHnRRFVbg95GYqrAldx0NWZbuUa61STFKROtr5VqwWaiF7Sq/wAb4i4nIYNWjN2WoXbaDetP4ra9a5Nje1DWyBduTI1jSPesJ2kUDRwJ6sK0VvoS1XVnWRjkfpFa3AK5Nh+2YB0aferlwPtALxCgGedTIa2G+LwaN9nWhlsgU1uAxHOgbiVg0ap2QAxXmI2NYuN4hWb450JlMgu2lP2RS/H3gogUTdvwN6QcVxJYUyBHx/HEgipewuK0ZdtQf1mknEzLayddqacDRlIIETz8qmT9DQ6Fh7uu9M+909qqmGxQDUTieIdN61xQcnSMZzUeoJxADvGoYKBWzNJk86wa9yCaikzzm7bZ6K9WGJ5Coe9b7v51QiezZLGANacYLAsvT3qTCLkHhE+db3b7+9Yyk2UkSDONWcj0AAoLGWT3j+IjUfoKKXUSSJ/SicfCXG1AJ1rkmnzofhmsZfwaFtmwAJgtTHg+aZIA9BFCNjl219hvTnhWHCqbjnKCJ19QP1I+dXm+WhQ2YW96BqaGe4p2g0Vi0oQIZ+H5VwdDrQFisHO1KcRauLMRVgfTL4tWmBzOUAtp5Aio7qmJI0kCeWutS1uaJiDDsc3iP5UbetArEnUVHjsLDkTJBgx100/MfOsAP4gRlyKWIaVMDU6Hy1oVkySK9Yy4S/ohhzq5Jj3q4DGEiQZBpHfdW3gz1qA57Sd4WHd5skfaBiYjpFNMGh7cxZFJOKYgzMD3P60Ld40NhI899KYYXgF29cZWaFXL4hqrZ1DrHqpBq0Q3ucz7TWGJLd3p1G3ypDg+HX7ulq07egMfOvoDhXZCyiNnAdzMFtco8hRycJRFyKAoHQRWiZMtz58wHCLpMtbcQYPhMA+tdY7J2ggEaaU5x2GgZVAHly/3pTZItnKdfQUmP7FwOJEamg8diNNNKSPxBYkHakuI7RC4TbstL9d4rB7lofnGazrUzYvMN9KS4FriD6xy0+Q09DypjAI/OpL6mb8FdKUYuzyoy6eh9uYryWWbf86VhRVcRw5pkEz/AJyppgMMQupJp0OHc69ctgKYMGmo2xSewrs7nrUuWtEUjfWpJr2sEEoLY86cm2ZrE1mawa3IM1itC1e72gCyIpIElY9SB70Ob6np7An9ayMKvxM4j/NhUd0gdY8xWCSKMXcTBEDXT+21M+1ltu/QDSVHkNzSG73gCnuzlMagFiCdQCANDHKjuHYVx4yBIMFZzEebhZy8tNTrtXNkz4o1JyQ03uWDh/AwEZt3KMBIDQSND13/AM1ofilxiJZGWLN2JAUib2FUTBMFirEDeKm7L8ba9de0yqMqK4IMnVmQgjyIEHzp3xG2rrkcSpI0/wBJDD8wDWc7TpmmNxnFSiC4hvbUgeZ3pfiL7iMiS07kwqjmTzJAmB13o2/h0Lq51ZQwGu2eMxA6nKBPStWtDz/zeudnUlsJrz5RZGVywe8FBZdQEtgu7bbRt1rfEhsrM0BEGZV8IAbX6247suw2EwJO5NMnwqlg0agMB6NlzR65F+VRXbHQkeY3HoaF1Fp2oXYW4GNy4nim85DDYxCyCDtA3FLMXYKBhntr/wDqstu0GZ3yl2zMc3iJLE67bRzpwtpkESzakyzM7EnmS3/FC4rDl9CzhdPCHYJoSwlRodSTSHp2Qpwzd2txTmyssEKFYyDKxm0B3HvUGPxA+jjKrKRiB8TAsfqn+7t050zvYczAlvL+9T4PgwJDXTMGcvKdtfY/nSobW9kHDsFeu2LakYjJDBkTJaV1zDLnuGGKgDbzq0cN/wCrdUWyFm3mMrCsLFqEUDU6RrWwvQIiBWtsr4hHxkl/6pUKfaFA9q0i62M3HexgqA7QRyI10qG7b36R861w5VVCoAqqIVQAAANgByrN24OlaxZLQkxyAx+dIOI2RqKsmLM7GkOLUUS7ArRQuIWb2fJmhZ0jpVh4RgLaKCAM3Xr71FjcNmuDUmPkKecOwo0rkldnSt0a27LNpH9qItcJPpTO1YIqWD1peoxaOH5d6ytocjRdwkbmaV4nUyC1MCdmjc0FfUsfCM3pW5VspmSKxwyxcJzLt6TWmKDkzHJOkC3cFdGpttHWKFueenrNWj6ReH3W9NP1qdbzMPGgI8wDXrRnpVHE1ZTkJ51u1Wa7wy2f+3B/pJob+GWtjmU+v96ayonSIR6Vvp5U9/gKHa5+VafwAf8AkHyquYgpiBuPGdLYHoxqUYu6bLXlt95lzFlBYtlGmYLHiAO5GwINJKkw5zMllmYW7lxM6qGaQCGPgQEkeEDprXg4+Imr1NmUHbo6BafKqAoAhtpmcE5sxyKEyjWCCdeUVvic4wrsyJauZCMqmVUk5BDAa+E79aVcY4zYtOGuPibJI8Jy92rAa+FbsAkeQnSijjMO+GcLcuDMmcG8twE6hgZZYgkAaaa15CjOThqjScl6dmd8q0PS96NOG4S9ZY4rCIzo9tbbWrphhkZjmtbZl3nry2qC923une0n/wBqzw3tjas2+5Y5nUyqoGeVYFhqBAIaQQSNCD5VW8ZiTcuPcIguxYjpJ0Gm+nOvc416ZWmcalWONbFi/mi/BbuQAACScw0JCgidxJA06isp2rvkEiypABYnxbCASOsSJjaaTYjF5rMFxmIW3kjUKtzvJnflvt71KvEQbTM7DvArIqnYhxbBOUzJhfLauT+w9b7h69sLswLSeWp/Spn7U3wwQ2FzGCBrJnUVW8JiQkyoYHLzjVWDAgj3HvRGMxyvdz5V1VBBmFIAkwDrBNJStXqBZJdxvie0V4EB7IWRIGuokidNxII9jUB4/cyhu5XKSVBk6kQSPWCDS/GYlVuqbRQ5fFmUEaksSs7RrMDbP61LjMcFRVtMPj7xsoKwQtvLPnMjUn4fOnfX+QcyXuC07QXAuYWVgHKTJ0JEiRuNKlsdprpBIsqQBJMnQExMUvxmNXuiqsM1wqzqoIjRi0nqGPMnfasXuJlkJJSYZMjBjo2Q5lG32dtANetH9g5ku4y/mu621pT5DN/asXe015TlNlQYBiTMESD7jWlXDOId0GGWc2XyiCD0rzY4G93wbIQtsjKpYZhbUEaEQAZG9Cdr5g5kq6jNu1V5TBtATrrmGnIwRtUi9qL7D/pCAJJkgQImCd96QcTu23fNbkTAgiIgR8RY5jM61P8AxYm2yMzT3ZUbQdEVQQZIMDlFJSd1qFrfcYN2luMNLQ66Zv7UDc42WI+qBJOgBMnoABuZj51Fh8YltYD3QTM5YCjMjI3hzQxg7kUBhsSUcMmkEFSQCV10bpm/ehzltuGt9ww4oqQxtRmEg5jBEx+ulMcPxx4JFpSFALanQEhdegkgTQfGsQjMq2ypRQTIGssSSJjT/TW2DxwVSMsQh0DP430ADAbgydNqX1VqHzZX8wenad9hbU+QJP6CtrvaS6IzWlGYZhqdRO4PtSrhl/u7gacoMhoBJgkGAJmdBz5VJicSBcRkfPlA1K5QTmJbcagyf8ikt18wc2XcPPaK5lD90MpJAOYwSIJHrrUN3jbmCbIE7fEAfTTWhbuIttbVMgX6xmkFmyqVtiSD8ROo9q3xuMRkUKz5kKlTkyyQmXWW8MaRHvyp1/0PmT7k+J4y4GVrOU9CWU6+RE0Nh+LR8KQeodhS3iuNLPAPhUZV32kkmX1YksaETEEeZI+VHNlF7Mylkk3Vlp/mO5zUH1NZ/me4P+2o96qoxLc/zFe+kNO/6U/iJ92TrfctTdqrh+wvzNYPaq59xfxGqsLrDc/pUlp5mddv0FNcRk6Ww1ssa9pm5Wl+Zrf+Z2/8SfM1XBHWtvf86Odk7hrY4tYC2QT3bmCAQG5EMZ12+GPepsOy2X+ouWlLIWJe4jaAXDA8Qj4G5xpPKhWE6ef/AKlf0ZvnWyuRlhm0HhE6DTpXtS4LF7UbRqLtBvC+GpimD4m6bhYQpzjQMcoCINBJgAjfrVqv4l7J7soz21th2dco7lAIBuJm8R8J+CdtqH7I4INDuS2UAgEkgHMfFGxbxb8o0qynhtrKVyaMyMRJ17vKVB8hlGnlXBxHDYsm0l0OmG25TMLwVcTca7csXbMok5kNtmaSdRHihSJPU+VT3OymHH3/AMX+1Wm81A3az5MKovlxk7aK+ezFj+v8VaHs1Y/r/FT0mtGo5MBrDDsJP5bsf1/irH8t2Oj/AIqbvNZQTU8qF9CuTDsKD2bsf1/iry9m7BP2/wAVNXMV5G50njiHIh2F38r2P6/ZprH8sWP6/wAVOEaf0rN3TnTWKPYXIh2K/c4BYH3vxVA/BLHn+I03xVLn35UnCPYORDsBPwmz0b8RoXE4OyqzlP4jTPENCk9BNVjEY03NNh0prFFhyYdjyZCdLZjl4mpnhOGW2+wfZjUWAs1Y8DbEUcmIcmHYhsdnbR+y/wCI0anZWxzz/ipphjRhEirWGBLww7Cdex2HPN/xVpe7I2F+/wDipzbcipnuSINU8EK6ErFC+hReK4DCWMmfvJuMVUKZkhSx3IA0B3NC21wkgG3iPgLgwCMqsqE5g2UAMwG/OrBxrhnePbYNlNtmYSocHPba2ZB20YkEc6FXsl3oUPe8KqFyi2sFe/t39SSdc9pPaalYcfqDwr0RWuLW7WcCzZuMFVS/eEpHeSbRVpKkMEfnyoGypeSuGk95kADEBiB9YAxjM0tb0Wd/SrqOxcMzDEHVLaZTbAULaz5IAPxAXGE/pS7HcNuWyfrQR3jXNLYXK1wJOXKRp9Wv+GqWDE/QyeCN9Cr2bi5hOHYaqSv1pcqe91VcsEfVXOf2TW1yxc8THDkQA2uecp+FmAlkEMvLnrGlXa12MItKy3gXFoqjPbBP/cy5iDrBuvr/AFGgrfZd7y3mY27Ny4vdBrQLsF7u2pY3GCnMTb5DYLWi4bH2JWGKK5jcMUdlGHLZMttznyAXcocqrNowyuh969wwq6lvo1whi2TI05hblHgMQXhkf4R9k0+Ts2yhu8uKzG53ikoXILWrVtpuO+Yz3YPvUmB7Jm2EIuITbDhGNoFgLj3bhEzqA125Gmk1S4aCd0LlQEZyd1330a/3WUPnjQoyqwaJn4WB9CDTf+BL/wCK58zWf5Wiy1sYhoKLbM20mFs28ONRzyWl16z6Cx/xq51Hyq+RD2ofLgf/2Q==" alt="ë´ê³µë&nbsp;ë&nbsp;ì ëí ì´ë¯¸ì§ ê²ìê²°ê³¼"> </p><p data-f-id="pbf" style="text-align: center; font-size: 14px; margin-top: 30px; opacity: 0.65; font-family: sans-serif;">Powered by <a href="https://www.froala.com/wysiwyg-editor?pb=1" title="Froala Editor">Froala Editor</a></p>', 'undefined', 67, '2019-08-14 09:42:35', 67, '2019-08-14 09:42:35', 0, 0, 0, NULL, NULL),
	(1119, 888, 1, NULL, '개발자도구에서 파일 디랙토리 노출 관련 질문!', '<div itemprop="text"><p>안녕하세요 웹개발중인데 아래사진처럼 주황색폴더를 안보이게 하고 싶은데 어떻게 해야될까요??<a href="https://res.cloudinary.com/eightcruz/image/upload/v1565339092/xclvurynu3jdemaljgdn.png"><img src="https://res.cloudinary.com/eightcruz/image/upload/v1565339092/xclvurynu3jdemaljgdn.png" alt="이미지"></a></p></div><p><br></p><div itemprop="text"><br></div><p><br></p>', 'undefined', 62, '2019-08-14 09:46:16', 62, '2019-08-14 09:46:16', 0, 0, 0, NULL, NULL),
	(1120, 889, 1, NULL, '이 사이트 움짤도 넣을 수 있나요?', '<p>https://user-images.githubusercontent.com/45934087/62986876-70d6f780-be78-11e9-8015-13eb4a9301bd.gif</p><p data-f-id="pbf" style="text-align: center; font-size: 14px; margin-top: 30px; opacity: 0.65; font-family: sans-serif;">Powered by <a href="https://www.froala.com/wysiwyg-editor?pb=1" title="Froala Editor">Froala Editor</a></p>', 'undefined', 67, '2019-08-14 09:47:17', 67, '2019-08-14 09:47:17', 0, 0, 0, NULL, NULL),
	(1121, 890, 1, NULL, 'VueX', '어떻게 쓰죠', '', 62, '2019-08-14 09:48:00', 62, '2019-08-14 09:48:01', 0, 0, 0, NULL, NULL),
	(1122, 891, 1, NULL, 'Vue React Angular', '뭐가 더 좋을까요????\n', '1565743879650.PNG', 65, '2019-08-14 09:51:08', 65, '2019-08-14 10:29:38', 0, 0, 0, NULL, NULL),
	(1123, 892, 1, NULL, 'undefined', '<p><a href="https://www.google.com/imgres?imgurl=https%3A%2F%2Fpbs.twimg.com%2Fmedia%2FDuz9yv6WwAAJyzh.jpg&imgrefurl=https%3A%2F%2Ftwitter.com%2Fimgafootball&docid=sNkT4VDhfZSPTM&tbnid=5tFBrc5YHEh0bM%3A&vet=10ahUKEwjG4qGrkoHkAhXOyYsBHUSIBRMQMwhsKAMwAw..i&w=1200&h=1200&bih=706&biw=1536&q=img&ved=0ahUKEwjG4qGrkoHkAhXOyYsBHUSIBRMQMwhsKAMwAw&iact=mrc&uact=8" rel="noopener"><img src="data:image/jpeg;base64,/9j/4AAQSkZJRgABAQAAAQABAAD/2wCEAAkGBxMTEhUTExMWFhUXGRcYFxcVGBgXFhgYFxgXFhgXFxcYHSggHRolGxUdITMhJSkrLi4uGB81ODMtNygtLisBCgoKDg0OGxAQGzAmICYtLy0tLSstLS0tLS0tLS0tLy0tLS0tLS8tLS0tLS0tLS0tLS0tLS0tLS0tLS0tLS0tLf/AABEIAOEA4QMBIgACEQEDEQH/xAAcAAACAgMBAQAAAAAAAAAAAAAFBgMEAAIHAQj/xABJEAACAQIEAwUFBAYHBgYDAAABAhEAAwQSITEFQVEGEyJhcTKBkaGxB0JS0RQjYoLB8DNykqKy4fEVFiSDk9JDU3OzwtMXNGP/xAAZAQADAQEBAAAAAAAAAAAAAAACAwQBAAX/xAAxEQACAgEDAgQDCAIDAAAAAAAAAQIRAxIhMQRBIlFh8BMycQUUgZGhscHRQvEVIzP/2gAMAwEAAhEDEQA/AEK5XlYxryvUPNNrVsswUCSxAA6kmAPia8p3+z7s6buTEHletgT0TE4VpHnAuCh/bHs+MOlpwIBCqfUKVH/tN8KDWroPQ6sVqw1lZRAmVlZWVxxDfvRoN6rzOtXmQHeqrW4MVzNSPFFemrdnh1xiFCxImTtA8xUmL4S6LmkGN45efnU7z401HVuyiPT5HFy0ukDTWpXnRC3w1zqdB8TRDB8Av4glbNpniJIgKJ2ljAFIy9WovTDdlGHo3JasmyFLEWSdz8iahGDPUR75+FP9z7NsfvFoeRuGfkpHzpd43wLFYXW7aGX8SkMuugmNR7wK6M8T3YuUZraIMSwo5T661IBUdm7O+lNfAuyWKvoLluwzKfvNlQe7ORPqKrUoJWiWSldMVjZXfKK37oHkPhTVxHs/iLJAuWxJ+6ro7/2EYtHnEUI4lwq7bGdrVxB1ZGUe4kUScXwC9XcFZAeQ+FYEA5D4VtvXhraRlnor1RXi1gNacbBeX0rpf2c9s+7K4bE3F7sALbdjcLZi2iHcZYMAnKFygTrXNA51HWrOBwDXmCW8pczClkSY2ALkSx5KNTy8slFSVM6MmnsfSD6jSJHmRExz6RQa7ae0B3IJSQcr5iFJj0K+o1mdqh7C3sWbQTE2LiZLdtVd7iObhUEE5QJXQDcmetHGsMV3ybmNzruPI+m0VKnpdFMo6lfcBf7Qf/zF/wCm9ZRL9Dufjuf3P/rrKbqj7/0J0T9ff4nBzXkUzfZz3bcRs2rlq1dS7nQrdQOBCNcDKDoGm3E9CetNmGs2W7QvhBhML3CWspTuViBbW73kbd5mcLMezpHOjc6dficsbas0+zbtlhLVhMLfBtFCWF0kG203S4nmpl42IhZJFUvtL7WYXEJ+jYdS+V1bvphPD3miDdv6VhOg6TRXth2KtX8Xw25hbaJh75Aui2oRCqjvw2VQBLWw4nyWifbrgWEOEtLhcPhrffYm1YNxLKKyBruRihAEHMoE6yCRzpCcNSfmOqWlo4ldmNKy2I0Jk11ztabeBvWcFgOF4fEXDa71+8td65QMUGvtEyDJJO40rnXa9O94nct2bJw4drSpZZFtlC1u2NUSQJJLfvTT4z1CZY6BDXQOdR/pHQfGrvFOCvh7pt3h44zaEFWBmGEcpB+FUri89PQUV+QNeZc4bZN51trAZvxGFHUk9ANT5A0dx3Zo4a6WbxqgIYQDneCIVBMLJHta6TABFKiGCD0M/CmnstxG49xw7krAIHIEmPCOWn0qTqpTUW1wVdMoOSXfsGsPhoRSVCeESunhMajppWXMMKkgksbhBWQUWBC5diTzYnXy0r3PmMLqfy1PurxXG3tyewpyS3LXZ3sscU5nw2ljMw38lXz+ldE4fgLVq2EtJkVSwgTqQcpLTudNzW3BML3CW7IRvZLO4jIGO+pMkk8gNANY0mPiZuozd0ttwTJzOyEGANIRpGk8tzVUcajEjyZXN+hFjmEGkXE5rpdcqsswczEAgqDBgGd4/wA5o3xHF4mD+rsr/wA12+Qtj60KwiFUgeJgCdTlzNqSSYMSfLnQSYtHPO1nZA2VN62AU+8oB8APMSTI+npXQfsw47cv4VLSG1mswrK+bMVGxBHUc4q1aU3bbC5aKyCGVip0Oh9gkR+dcgZb2Dvu1pmQ23KBx5EwCdtQJg/wpik5L1RjifRuLsShUKTJEhHa2es50IO/xpX7fYkpw++r2yFKES1zMdRA3JJ1Nc8s/arjlWGFlyNmZDP91gPlSx2i7U4nF/090sOSCAg9FH8aON90A0BrdzLtB9QQasjFL1+tDa9BqqOaUeAJYlLkKtfX8Q+NYbg6j40Y7C9k04i7W+/Ntl8RC2c4yCBJuZgFJJgCDtTna+xgFwz4gonO2gztoI/pWgEmJJyAcgKZ94fkB8BeZzjBqbri3bVrjnZbalmPuUV1XsP2CvWXGIvMUcHS0pMwYkOy6GZ9kGNNztTh2S7NWcDbNqyHIZizXHy52J0GYqBoI0EQPWmYWog7+um/Khl1EuDY4Y8lDB4cou+nTcCTyMDr9K0xtstp+IETE7jeOfSPOiboCSpBggg7jTUHWfprUN51BgGSdpjSN/PppvSVN3Y1xVUD/wDZCdT8TXlSd437HwaspmqXmBUPI4r2DxtjDYy3iMQzhbQYqLa5pcqUAYfhyux9QKd8Hx7BjimIxgXFkvZRcq2CWVnEEsBqBktIVJ3zN0FctwzAMGdcygglZjMAZK5oMA7bUZxnaEXQpuWZZWz5luZCzjNlJyrOgYDQg+EQV1qlwsRrofOyvb23YwQwwtYi7dtrd/Rz3ROe2CwtOSNgPYJGgymobfG7X+zLOGVMY9+0UuoxsOQ2ItXe+ykxqveAqTvAPOkm9x5XGVrGgV7aZbgBW29tbeQk2zJGSQY5nTUzO3aiWRjaIKCAVuAbFypnuyxID82IkTAOtY8fejVk9R5xfHsBjL2Fx7fptm7aygd1aZkuDvB+rLopDKXlYBE5oInSlLtJx+y3FXxdtc6+DL3k2ouIipLyJgFdqH3+0ZZlYW8kJdSEeAO8iCsoYysM4/aAMiKWLo1iuWOl+h3xLaDPaPtDdxZHeMsDUKigKN/vasd9iY1qhjEtCDaYwdwwIIPrsQa34JhUuXQjzBB20kgTHwmnzA4C0plbaA9Qon41JkzRwNR3ZTHFLMnLZCHY4VdcZgsL+JtAfTmaIcKQWj+1zP8ACmzie1KDvFypcvUzyprhFfTdPCEr7hw4iaLdmcMbl8AtlABLEjNK6AiJGvi35b6xBD4K3mpk4ARbuoxjKfC06jKwyk69Jn3VHDZleZrS0joeJ4zaQS2Yf1hk+dwgfOlbtF2lsuuVMStkmfEt7DTsRsbnUg+6kL7UcA11rL25E3Wta8mYrMx0a4w/d8qV+M9kGS7lsozoXKB4YrIAkSsmVaVJyxIqzXvyedobOhYbi1pLjG5xPvV8Q8d6wqmSpBCg6RBj+sfKreE43hs3hdXH7N2yf/nPyrjuN4SyA+y2UrOXNEMuYGWUH5ctJqxwjhgvOLZVQWyBToILuFmfIkddKGVPewlB8HZLnE1RS2oGg1jUtsJBNc47U4q4C9jTIbnelgBncsAVDkDXKDlHUAGifZdv1pEAriMRiiQdwEZCrgdAquPVxUXa3AlsRnzbzKjaAAiD4LPwpd6ZbhY4amIV61VO4KZMXgqGXsIaphNMGeNoE1lWLtiKhKU0WXuC8YvYW4ty1cdYZGZVYqHyGQrgbjca9TXeb+MHEu6fB8SNq0P6S3bVe+J0MEtqpjcZSNOdfPIQ01dhr1jC37eMu3Gc21ZxZw6G5cAhrZN0tlRFAM+0TqNBNagWfSOGuAzBBhoJHijmRA2357b0Sgx9euv5afOlvhHB1S/fvKYTEBM9oKAC43uM2viIMaRtz3phcEQFGmnnp5/zvSnalYXYguvBjl15eY19K1tkZeYgny+MVKwlYPw351SvIAADIjYLMCAYGmkR7jRKpGcHkn8fzFZWmUfi/vtWU2kBufOTNpIBI2kDSek7c68AJ12HTn76s4zFG47O5GZjJgAD3AaAVWuXh616CIXzsbV4zgbmq1zEH0qEEmsbS3ZqV7ItXL/IVmGstcMD3k7CqhBHKrmEukbVJl6lJeArw9M2/FwH+GYS3bgmC4M5tvcPKKPYbGilHMxFWcFcaa8rLqnvJnq44xSqKGTG3MwpUxlsh5potjw0LxmHLHwqSd9OQG5PQDqdBSscndByiluT8LubUdW7pS/ZAtg5nGcfdUEx/WbQf2c1UbnH2dwi+BCQC53AJgny01r0sX2T1OXdrSvX+uSLJ1+COydv0/s6x2j4dbvW7QyEnMLs2rlrMGBzjw3CCQSaGJwwSApuLlZrmptDMXJulTBkxnI0086I9r+EkYb9T4lVC4bNmgoAAw1JgpOq9B717sHhmuYb2rTtkEgqGzMGdiysII0vCCGgTsZ0lyY03uZHI4rYE9oeEZr11e5xDTEm29gAgahY1iI59ao4PAW7F5GS0zFfZN7FYVVMwZKAZzETEDamywh751a5dJOTws2inIJIywSNZMk6g0j8X7KMzm4jfrLt6AtsHS3m8ZB301kxHhj1FJLY34jfI1WLFvDWgwVFcWnZQDcuGCC+jkAMCTMwPy5q/ay47M7IPFqANPiTM+4CmjtZxPuLTpcym+we3aCkkpZYkKWOwYKSNJ1IOka86YaCq+n6dTTlJC3llB+Fhu52hJUgWlnTUsTHoBHzmpOCZsVdNrwhspI5SRGm/SgEUQ7P43uMTbu8lJn0IKn61W8EEtoi/izfLN+IYQoxVgQQYIO4NUDZ1rovbnCi5aXEKNRCvpBg+yT6RHvHSkZFmpHsNW5mEwk0RtcALh4S40rCi3ABbMp8ZP3YBMQdQvSrHZ1A1wLE+VdPwPDWRQSAB0rccXLcySSL/wBlt/EjDtbxSx3Z/VsWLfqjJVGY6kpBE9I6U8PiRAggyM2+6/iHUSRr50nWeMWraMrpmDCCOscvLfflFH7vFbOHW0jMdQoXT7v4m8v86a8Wwl5KdFp2nwnT1G/Pbpr/AKVoGECIOgIy/hOx05HWqHavjqWbJKQ11p7scp1Gdv2fry61xvANiu872/cY27t5Q4zjNd7vUkrM5RmI18Ilfd0MVmTyJHcobqvxP517SX/vre/Db/sisovhS8gfjR8zjD1q5ojguEPd1EgciRvPPemC32YFtMw8TdT18ulPnkUfqLjilJ32FFcFcMeE6/zr0ojZwQBiKOWGgRG29eYcKz15eXqMmRqFHpYsGPGnKzyxwQMPZqcdnwvKm3h2HEVPiLAo4wpUY5biNf4eAOlaW7MGmXG2FIMigr2QKXPHSsZHI3sXMHhmuMttPaYwP4k+QGtDMTdKyuxBIYc8w0M+Ypo+z+5OKJ3y2nPpqg/j9aT+1GJJxmJyrpn95JAZj6SZ9CK9b7BhBTk5LfszzfteU3FJPbuB8bcIObeaoWrhutkRTJ6fXpFermu3WRuSFgAdyCAAfjTP2ce1asQy5bhcgmCSyjUP6QYjr01Nep1nW5YxvDFvev8AZL0vT426yOtrLvCeLX7GEa3cclbWV1ZWKvagjL3bDXOZyxsQxmRND+CdsHttmZUHjd2dVIILzmBCkAjrpOnMgUI4/wAbF3EAZf1KEAW0YgMFnUnXxEknNv4j1qphrFy5IsWLjoDqQC0eWbQfxrxM+KejxUny3st/Je6PRhOGq0tuyGbHdv8AJczC3nMbh2ZTIiQZEbzMHXrS/hu2l43VN3SyD/RWQEB3gtzeCZhjFUXwRRmV0CsJDAgSD0Mac6iwnCTduLbR1BYgDNO522B9PUii/wCPcY6uUL+PFuuCbtPxJb+IZ0nLoASIJ6sQdpOkdAKFUYudnbii+WZR3M6KVdmgkHwq0qOckaa0HFHCuEczIq5wi0Hv2rZ2Z1U/vGPrVMmrfBLDviLK2xL94pHTwnMSfIAE+6tnKkclZ1e/aUZ1Im24hgdp/F+fx6zUbsWkeFuWzDn6j8qq9qXh+7Vi0KoMc2Ou3vGlOlhSFUHcAA+sa/OvMeTW68inTpSYr8C7PGziAY0g68q6Hc/o9BOlAc+tFxePdyBMDamQfYFsWeJPmJ200068z8aXb2NYOATPKtuIYt8xXKR60FuuwcFutekpJKjzGnJtj5wi4gDM9sOQsrmPhB6lfvHoDpQ3hXCReuliNWO/ruais8QXu4kaxrpyo52b4paRSxbXkP5570nLk0xchkIW1EK/7t2enzNe1S/3oHT51lRac3r+Y/Vi9PyA+BwKWAAswo0mJJPM/WiWHQuPaBA30jcafz5UKx1+dFopwy6FRpjbTqT+X516GSNptcisc/FT4Btvg/jbpz/Kqo4KUuSNqN4DE+I5jvMepipb18ExpUk46WV45Kasis3CmlTPf0odxS/AEVpgr+YUCDaNL9yZ1oDjL0A60wXsPINB7+AEGiaT5Ni6I+ynaVMLebvPYdcpOmh5akgAancjlW/a57V/DZ0V0vWzIOWO8UBVaGWQeuusLpNL2NwPhmiXYLFFLxtT4D446OPDI/dY0x5PgR1w7AvH8WVPuUux2AVbF/E3dzous6Kw2P7TaeiihvG+LMZEx5LyETB5/GnjjNtXFxNVGdvZA3BPKua8YtgXTl5gEgmeWokbj56wdtXdF1sXikk/E29vJfyL6jp3GadbUHMJgbS2Wt4tf0a7nLW7hVi7ZVaVYE6JMAEbk+8r9zEPmjO+XNmAzEgGQS2WQJ51dxvGXxOQYkk92G8SqO9fMZhmbSPkByM1Dwe0924LIZlVmEr7S6bkjaQs6x8JpUsnm9zVEnxa32xCI5Be5kOYjcPoG5Tpv5g0a4hwz9Gtq6XXF0uiqyKFUFjEndhpOxonhlt4nub+z2mYEdCAVZPjBHl61EM2Jw14RDLduC2TsclzMhnpIy+40X3rKqSYLxQ8iPjVrD4TKFtXMVdvZmbP4c0EEllQQ2p2j30s9pbajEMUttaRlRlRlKR4Qp8J5FlJ99NePxNnEJaupi0w960WBzEZlzCHXKSJ1G+oPvoN244hYvtaa0+ZlUq8KwBEgqQSNdS3xrcUpNpu/XkySVCw1M3YQi2b+IIk20VV9XJP0T50sxTP2ZxPcaE7sG9DGUfIn412ZNrYKAd7MWs93v7xMKcwzCC7nnH4Rv6x0p1xDObNy9bts4QGcsSOe2501gUPwmLLKKY+yNwg3UPMBh7tD9RUKx0Nk2xO7P8AFjeJPQiB5GdPlT3wkykUm3bK28ZdCgAEZoWQJkaxMa+VNnZ67MjzoltKgVwB+0/D1AzAak789KQeNWiVOXeuu8dRe7JIBJ0E8p3j3Cue8VwWUFwDpv8A5U+drE5IUknmSYkYVXWZJqyXMgztW2MYSauYTAyoJ33puJJRSYnK25OSJc79aypf0M9ayqNhAVwT5hO5NFrZgUI4RtRgtpRgkNlSXJ5CvMTKmaKpbVVE7nf1NDuNOI0rzcstUmelhjpigfxHEDLUvC2AHuoLxUnu5FVeHcUMQdxU2RyS8JTCr3HPPpVO4N6F2+KaVs/EhG9MhbjuBJK9irxFRlNR9kMBnvNcmAij3ljsPcD6VRx2OBBo/wBlQLWHNxvvyQOo2Hxj4V3VPRi+uweFapnnbHHJZtaf0tySfIHU/Ga52bZZGYr4jEQNhI18qvdpscb18yZ192vIeXKsw/FjhSrBVYsDIadtNiKlxRcYquWHllbYHKx6narXDeJdw2dFDMAwBYmBMagD0I32byrzjfGv0g6Wkt9SurN6tA08o95oYKtxrvJEsn5BFuL3s7urZC5BIQQsgRIBmKv8N4LcxFhn72DmORGPhaNWPkSxOvkfWg2Fw7XGCKJJ8thMEnyE0+cGdCzW7SlktKqSfD4wWzSDryGsczRydcAiGQVJBEEEgg8iNCK2Vq2xrzduGIm45jfdiYmo1Wqcc5C3FFzA4bvLiIObD4bn5UxjgrBh6iq/YK1OLjpbc++VH8TXRjghI0ocuSmHCOx7wjB+EUw8MTJcQ9THx0qnhFC1Ze+AQelSvcaBu0WHK4yY0YQPgZ/hTH2Ww8oW84+QP8ar9sUHeWtNSZ90UX7PWstlfMk/OPoKCvED2KXHjmbJsFEsTMawBt/OtCcbgwMPJ3bX1nYfCmnF4ZTmJHtAZp6Lt6RSzx66JCDZRy2n/SrIPVUUTZFpuTEHHcDBaeXMVe/Q9NKIXWrxdqdpV2TanwC/0Y1lX81ZRGWUMGMs1cTGBfa5VTZgBQbi2JzLodqXmtR8I3Ak5bjDb42HaJ2qvj8XmNJ+GxoQ+dWH4sOtRUX2MGNI7vWg94KAI51HiuKApE1Dhr2b3Uaic5HmKxmRTQhuLHaiPFxKEUtVktjLL740mnbiePyYRCu2RY96iudrTZxr/wDSsa/ct/4RpUnUrU4p+Y/BLTqfoAcIpdvmT5mpuO2G8Dx4IIB85+mnyqfg+FZoCjUkR/CnntFwdRg7YiQhAbzDnxH+1B99U9PjU8lfl9RWSWmFnKK9FWOI4M2nKH1B6jkarimSi4yp8ik01aGzsmALNxrZHekkQRtA8In8PP40Y7I8MuWUcXCCzNOjE8gNTAMzSNw/H3LLFrZAJEGRIPPbr+dO/Yridy8LneEEqViABAaenpQNNGinx3hTYe73bNnJUPIBHtFhGp19nfzqmlWOK3ne9cLszEM6gsZIVXaAPKoFqvEtgJMbPs9T/iHbpbI+LL+VdHNzSuadgMR/xDJyZD8VIP0Jro3Kk5/nDx/KR4jiGXnQu52mCmVbVfFI5QRB+MVW4xhLt0EW1YwQGIBIXMYE+/40nY28tkvbt5pBgksGkiRrGh35UXT4Fkdy4XJmXJpVLk6Pxbt9hbt22QwMDXOrq6kjWMoKsKdOzXE0fC96jh18ZEcssyp6GQd6+aAGuMSBJgmPIAsfdAr6J7A4e2uCt2l9nJqRpJbVjpzJJNLnGKna4NVtepYx/GGIXKcuni9TyE8vzoHfMkk896O8S4YNAmhHvn186FjhL/eP9n8zVEcmNLYknjyN7ge+tRAVPessCQRsYqHKaaINO7rKkg1lZR1gbF7Un452MxpqaO8V4iEETr0FLz4gHWaVnbopwJXYGuMQdd6ja4a2xFySaiqRlJOl/rRngrSDS/R7s9sfWiUjUi9jU8JpVy60341dDSzasGTpXZGjaIrdvWiVwu9sITOX2fLWY9K1w+H1ohh7VTykmHBBrs3hQpVjuBt5xBJph7TXScNlB0LKD6cv70UvcPYg0T4hdJsuCPun5a03pcyWWP1R2WFwf0FHiZFxcrjKw2aP5EUt3LZUwaKXLuatEwbXJyiQN2JARfVjz8hXt9XiWTxLn9yDC9O3YHVJbYjZiJ3gkT6xXl63lJBjTmNq1zV5tU6ZT9CSazPNRTUiCjTb2QNB3sbiVt4u2WMAhln9phAB9+nvFdQR5ri1u4Qykbg5veNq7JgdVnrr8aVmXcZATu13aAqHsWmJlgWynTwiDKxyLRJ0kGlq7ww2bIe8yq7OoW0HRrmQqWa4yq0qJAADRJJrofGcEgDHKoLe0QBLevWuc42yoaFUAeQiueR0q4RmjzJeHwtu44aC36sKDqVOrk/s6AfveVds+yt5wlv0j51xdcP4a7F9kI/4VR5t/iNJcrYzTSHl7OtQ32VanxbxSvx3GlVJnaa1IFukC7tzOxPUk/E1uuG0qPhduVmiFzavSR5QP7qsqWva4048gLGCd5OvXr60Ox9uGIq2GgyN6q44kmTzqbqE+exXha47lNbRNavaIo5wrDBhVjiHDvCYFRttFSjaFemHs1QC4sGjPZ28AaHI6jsbjXi3GzE4UFaGrw3TajYuArUIuaGkYVLJsPyqMUChgtDXuHs61c7wVrhz4qfLp2KjINcMwoAnnW3HsKpsNmZlH7O7GD4f56VnDsUBoah7U4hWVLQRnJ8UoQCuXzkRMxVHR9L/ANsRGbL4WITWSui2sxnQAO6x1LTHuio7tq6xAuMEHJdz6LaTWfcKK3MNJOl5zzXvCQPUqSP7wNQMmWfGloHdbIDXD5M/L4mvdy4JNenpt/X7ohhlXv3/AAUHwoUajIv4ng3G8lUbD+ZO1DjHKfqT5VdvAZvCpJPNznY+i9alyBBqfEdwNT6Fh9Bp61E8Gp0tq9+nvuynXQPRCdTW4ph4F2VxGM8SLktDQ3HmPMKPvH+SRTKOw+HtqRnZrn7WSCd9Eg7wRz3pOSUMToJJy3Ocr7VdM7BY4PZNsnxWzGv4WJK+7cfu1Jbw1lIS3aCCRnAABJj707jXamRODWLK5rNtULxOUe1oSB6bwPOp554yjpruMUGnYB7RXDlNc7u63Kf+0lyFNJOAwNy/iEtWlzXLjBVHUn6ADUnkAaGvCFe5ayeGuofZLc/4cDozfU1yq85RmQkEqxUkaglSQSD00p/+ynGCHQ8mn40DQcmdOxzaUoceOZG+Pw1pm4je8OlKuJdiTWx2dipbqjfgql8qruav8aW3h7aC64W4+Yg65TEeGeUaa9TFLWE4v3BZETNebwooYhvFoCqgGdeQqx2iWzbe3bv2GB7vPJKwty5vKKdg2pkySAYjexT1U0RPHpTT5JO+/at/9RP+6spW/Q8P/wCe3/Tb869pur3QrS/bE5EFV+JWYRW8yPpVlzFU8benKOQJpedeAdgfiDnZixprRjG2BlNDeBXYGg56+Wn87dau43E6Gp5Y9iuGQR+JWoY15wow9W+KanaqfDTD1POLSoZFqx6whla8iqeHxBCzWq42TW9GqYXUyuJ7iGg1DhsR4q8xLTVO00NVWV77E+J7DPh7oqtxd2iQxE6REg+/kdflVbDX/OjHBeztriFxrVy9dtkJmXuyIMEAgg/1gfcaowZlievyE5Ya/CKOIiPFcUDbUsQP3Qv1rSzhVeBbzXCdBGeCegy2x9a6jw37JrKZib73GElA2inaAcvP4iiPB+y3cv3wCSoMKASwf9onaN499Nn9qJr5ff5/wDHpGu/v36iDgfs+xTHKQlsExCyzE6SCZ2E6+LSYpv4N9k1tWDXrmcA6qoyqTvBYa+oB9+tPPDbGW0GAJdswUHQDXUj+sTM+dFrpgR/lUEuryy2uvpsUrFFA58LZtoFW2sKAAI8IA2AXYD0FL2KtK7ZiimOcD5UV4niRGhG+mv8ACh9upJMchc4vwGT3lkQxYZhyOYxm8t9fj6+YjjGWcMUIa2EJf7stJAHU5df3hTK1IfH8Tmv3I2By/wBkBT8xS3OMd5GP0KnGLwaZ1oj9mHYk4q+cTdzLZt5lXIxRnuMpXwssEBQ0kjnA/EKHYSwruBcfIm7NuQo3yjmx2A6kcpo2O2+Js3F/RgtvDouRLDDMuUc3IglzuSD8dZ775HgBRdnP+1HBTgsVdwucOLZADDmpAZcwGzZSJHWumfZh2dNnBXsbe0N0BbIPJMwGeOrMYHkP2qTsJwi9jMRCqbly4xZydvE0sznkuv5V0ftxxC7iWWzgrZuWcMQ11rY8GZRogjcKs6CdSOlYuoTTYVDCqZkAAkmPfNLXErFzMi2lBLMFOYwApmXJjQDc6UwdnSbyLl2ImeQ99Ue1fAhfPd93mFsSSJUSASSTPQxVEZXuY15CVhsccDijkuW79wB170axoWlBMAkwJM843orheE4zidtb95wiKAiMUZi5YhcwVdYmJfYR0Bil2W7Irjrod7Js4dG31U3o+4AdeWpG2o327RbQKAqgAAAAAQABoAANhRqTi2LrVzwcc/8Axtj/AP8Aj/1D/wBlZXZayi+NIz4MT5HvbVSvLMdRRC7ziJqnH8+lXTjaoihKnYR4Zc5A+6rzWiaDYdyCCNxR3BYwNAI8WswdvPXlU+bI8cb5Gwpso4vB6bUBVYennEWJWlPH2cr1566pZSuMdIXw1olajGCM0Q4PqtE+4FefPq5QlsMe4FTBE1IOH0ZW1W3d0L+0JsxQQITBUxdiR3eMsnqSh/eUgfOKqZKmwrlHVxupDD1Uz/CsXXztWdoR1q+YFZh8SJOgJI1nSY2kj61FxC5KyDoQCPQ0scTx7Ai1b1ckAx+I6BR7/nXr2jhy4dczyxBAHhUEhvWCANKzGsIPwrMFa7q2qE6gCekxr86E8VxhBgcxpFdexoJx7ZnjkNta2tCKhUy2v89amZgJJ0ApbZpFxDGraXM3MgAdf5FI+NtDvHymRmaD1EmKM8Tum608hoo/j6mq36KYzQYkiY0kQSJ66j415nUZNbpcI4EldAMvMmeZmND5CPmauWrVoWmJLNdYQq5RkTXUszalssxlGhIM8qnNqp8FwhsS62VElvMgADUliOQpEVvRw/cO7PWhwwWAwS5iEVi8wWuMA4UncqPZjpPWiXYvgTYPDm25UszlyUmNQqgSQCdF6V52b7LphoZmNy4FCKTsiAQEQEmBAj0HKmCvYx4kqk1TSoGyHM2eAsJElpGp/CB85P8ApKRXtZTzCPuFkNlEqCqmNQDEgdAco+AqSsrK44ysrKyuOPkh6hVdP9dqslffVd7ZBj4/z0r04vY8xm61tXttj1NTFzGo+VKfIQa4CxZYLSF0yxqBygzty1HKtOJ8GZ82ULpG920o11+8wzachUXB8Qll2NxXzbALEQdSCCR0G1NvA3wOKu5LxyBhCqZTxaR4jI5HQnnXkZME1mcorb35FmOa002LPAsK+QPlOUmAdN+nXlR+3hpIB0HMjxAeem/upsw3Y3DZiLTXFjcMvLkVJUZgeokaURHZJY0uGeUqD/Gpc3SylKxykJV/h2UiHVwea5hHkcyjWvFwBp1vdmWAlGVjG0FdfIz76GXOF3x/4Te6D9DSH0zXKNsBrw6txgQKZsFws5sl608GMtxDIE6aj1Py6a1bxHZ0lAq3BI3zIuv7w8X1o10+3B1nuAvTh7Z/CuX3roPlFAuzVvPj9fuZmPqBA+ZBpk7P4EtYdHQo6uTzykED2SeWkTrtzqzw/glq1d7wLFxhlJzMdDGnIEbcuVejC3FGFjH+Zpaxd0M2hmNPfTXiMOp+6W9+nuO9Vv0C0wAyBRM+GJPqd4o3ZqYsOdJoRxHiAbwrtzPX/KugHh1pdVXlGuo9defnUJ4VY1/U2td/Av5VPmjKS0pnNnNs/lW7Ypsgtz4QxaP2iACfgK6Fc4Nhz/4Nv3DL9Ko43stYf2QbZ6qZHvU/wipH02TszLBnZrBWA1jvlF1sQXCJpltqsjMw5sSIA9edP2C4XZtEm1aRCdCVABjpPSk7h3C7mBzXRY/SHJGVgcpVdc8Kdcx20n83LC8QR1tkGDcXMqto8RrK8o2NVdMlFVJU/fc5lugPbDtTawFnvLgLMxi3bG7NE78lHM/xo9XEPtxvE420hPhWyCB5s7yf7o+FUzb2S7is09EHJDL2T4jxPiea8b4wuHDFVFq2rOxG4BuBtp9rryph4hwDGhCcPxK93g1C30sMjHoclpSJ661H9lSgcLw//M/9x6baTHDGSt8+/e5sL0q2cx7JfaU7X/0THotu5mNsXF0GcHLldZMSdMw0rp1fNv2jiOJ4qNPGDp1yqZ+NfRHCrpazaY7siE+pUE0WJvb1V/t/YGGbblF9mWqysrKeOPlG20eIaFSCNJEg6aHSvHuySSBJ3099RE+deTV+o82ia2QPEQCARIkiecaaxpvRfG8PVUV7eYSHYq3hKgP4MpJMyrDSdwd6CI0EEbjX/OKv4zFXmVLj3c0sYEzlJGsjYSOVJySkmqaDjRvjLl+74nzXIAGcrJ0EQXHtRG8nmeZqmt/kRRnDcJxl5FyozANKkMgUsddGLAScwgc503qji8O9tyLiur8w4Ib1hvrRYpOXdfgdJUNH2bcTuJi7dsPFu4GBRpKk5SVygaBpG+0T5V1nD4tLi57bB1PslSCDBgwfUEVw/skobG4cEE/rF0Xfry5cz5TXc3YRHXb3anSkdSvEPwvwmwHnWxqGTt9fmD7qlDVKx6PHeNP9K2rQnSD8vrXpasNJrLway+DM1CDUzHMPMUcX2OMxFwldKrYe7U2G1OU1pcthTAnrrEURxMTp61XBPL+fdW4ckkCY67eomsuNBBGmumv5V0lsYa5ue+/xrAIHmK8a6SZOUdTOnXn6GtLdwaDbUjy06UujrCWHcPo48XrVi3hEVs4UZoy5vvZd8s7xPKqPDGAuFeeUmfIEc/fRWmRWxplcz+2PstcvqmKsqXa2pW4o1YpOYMBzgk6eflXTKyulG+OQZxU4uLOdfY32gtPhBhSwF20WhSQCyMxYMvWCxB9POn3H463ZRrl1wiKJLMYFDuIdlcFebPcw1tn3z5crT1zLBmoLnYrAsQWw6vG2dncD3MxFJrMtkl+fH6b/AKHRTUaOL2uHXeL8RutaUi29ws7xolvQAk/iygQOvvNfQtm2FUKNAAAPQCBUeDwdu0oS2ioo2VAFA9wqemQg1z9AcePRb7vkysrKymDD5JWtz7I9T9BWVlWPseeaDlRPhO3/ADE+jVlZSOq/8mHi+Y6h2C9hv66fVav/AGgexh//AFrf+MVlZUHR/wCJXk4YVw39Kff9alv/AH/VKysqnv78wHx78iwv5f4akX+fnWVlLYaMuVsKysoewXc8ubGpLXtCvayuRx7c9tfUVrjvarKynHGWqiubL/PMVlZWPgxlHHbn0T/HVlPZT3fSsrK5/Kha+Zl7gu7e/wDxGitZWVqGR4MrKysrTTKysrK44ysrKyuOMrKysrjj/9k=" alt="Image result for img" data-atf="1"></a></p><p><a href="https://www.google.com/imgres?imgurl=https%3A%2F%2Fpbs.twimg.com%2Fmedia%2FDuz9yv6WwAAJyzh.jpg&imgrefurl=https%3A%2F%2Ftwitter.com%2Fimgafootball&docid=sNkT4VDhfZSPTM&tbnid=5tFBrc5YHEh0bM%3A&vet=10ahUKEwjG4qGrkoHkAhXOyYsBHUSIBRMQMwhsKAMwAw..i&w=1200&h=1200&bih=706&biw=1536&q=img&ved=0ahUKEwjG4qGrkoHkAhXOyYsBHUSIBRMQMwhsKAMwAw&iact=mrc&uact=8" rel="noopener">ㅇㅇㅇ 그냥 복붙하면댐이렇게</a></p><br><p></p><p data-f-id="pbf" style="text-align: center; font-size: 14px; margin-top: 30px; opacity: 0.65; font-family: sans-serif;">Powered by <a href="https://www.froala.com/wysiwyg-editor?pb=1" title="Froala Editor">Froala Editor</a></p>', 'undefined', 66, '2019-08-14 09:53:20', 66, '2019-08-14 09:53:20', 0, 0, 0, NULL, NULL),
	(1124, 889, 2, 1120, '이 사이트 움짤도 넣을 수 있나요?', '<p>움잘어떻게넣나요</p><p data-f-id="pbf" style="text-align: center; font-size: 14px; margin-top: 30px; opacity: 0.65; font-family: sans-serif;">Powered by <a href="https://www.froala.com/wysiwyg-editor?pb=1" title="Froala Editor">Froala Editor</a></p>', 'undefined', 66, '2019-08-14 09:53:54', 66, '2019-08-14 09:53:54', 0, 0, 0, NULL, NULL),
	(1125, 893, 1, NULL, 'Java array 질문입니다', '<p>질묺바니다질문합니다다</p><p data-f-id="pbf" style="text-align: center; font-size: 14px; margin-top: 30px; opacity: 0.65; font-family: sans-serif;">Powered by <a href="https://www.froala.com/wysiwyg-editor?pb=1" title="Froala Editor">Froala Editor</a></p>', 'undefined', 66, '2019-08-14 09:54:56', 66, '2019-08-14 09:54:56', 0, 0, 0, NULL, NULL),
	(1126, 894, 1, NULL, 'java 알고리즘', 'JAVA로 알고리즘 하면 많이 느릴까요?\n', '', 65, '2019-08-14 09:55:16', 65, '2019-08-14 09:55:16', 0, 0, 0, NULL, NULL),
	(1127, 895, 1, NULL, 'numpy', 'python 할 때 numpy 많이 쓰나요?', '', 65, '2019-08-14 09:56:09', 65, '2019-08-14 09:56:09', 0, 0, 0, NULL, NULL),
	(1128, 896, 1, NULL, 'LiveData', 'LiveCycle을 알고있는 DataType이라고하면 더 와닿을것같습니다. \n\n\n출처 : https://medium.com/harrythegreat/jetpack-android-livedata-%EC%95%8C%EC%95%84%EB%B3%B4%EA%B8%B0-ed49a6f17de3', '1565744310951.png', 65, '2019-08-14 09:58:32', 65, '2019-08-14 10:01:02', 0, 0, 0, NULL, NULL),
	(1129, 897, 1, NULL, 'IOS 할때 Swift', 'Swift 많이 어렵나요?', '1565744409558.jpg', 65, '2019-08-14 10:00:12', 65, '2019-08-14 10:00:48', 0, 0, 0, NULL, NULL),
	(1130, 898, 1, NULL, 'numpy로 2d 좌표 원소로 가지는 2차원 배열 만들기', '<div itemprop="text"><p>안녕하세요, numpy로 배열을 만드는 중 난관에 부딪쳐 질문드립니다.</p><p><a href="https://res.cloudinary.com/eightcruz/image/upload/v1565684532/v5xr3zscnofkwkkmxsrz.jpg"><img src="https://res.cloudinary.com/eightcruz/image/upload/v1565684532/v5xr3zscnofkwkkmxsrz.jpg" alt="이미지"></a></p><p>지금 위와 같이 2차원 좌표(x, y)를 원소로 가지는 2차원 배열을 만들고자 합니다.</p><p>numpy의 유용한 기능들을 잘 조합하면 for문을 쓰지 않고 이런 배열을 쉽게 만들 수 있지 않을까 고민하고 있습니다.</p><p>혹시 비슷한 문제를 겪고 해결하신 분이 있거나, 유용한 함수를 알고 계신 분은 댓글이나 답변 부탁드립니다.</p><p>감사합니다 :)</p></div><p><br></p><p data-f-id="pbf" style="text-align: center; font-size: 14px; margin-top: 30px; opacity: 0.65; font-family: sans-serif;">Powered by <a href="https://www.froala.com/wysiwyg-editor?pb=1" title="Froala Editor">Froala Editor</a></p>', 'undefined', 50, '2019-08-14 10:00:53', 50, '2019-08-14 10:00:53', 0, 0, 0, NULL, NULL),
	(1131, 899, 1, NULL, '살려주셍ㅅ', '<p>뭐가 문제일까요...,.,.,,.,.반례 많이 해봤는데,,,.,.</p><p><br></p><p>#include &lt;iostream&gt;</p><p>#include &lt;cstdio&gt;</p><p><br></p><p data-f-id="pbf" style="text-align: center; font-size: 14px; margin-top: 30px; opacity: 0.65; font-family: sans-serif;">Powered by <a href="https://www.froala.com/wysiwyg-editor?pb=1" title="Froala Editor">Froala Editor</a></p>', 'undefined', 66, '2019-08-14 10:03:50', 66, '2019-08-14 10:03:50', 0, 0, 0, NULL, NULL),
	(1132, 900, 1, NULL, 'undefined', '<p><img src="https://media1.giphy.com/media/5xtDarwEPSrmbvS0dHy/giphy.gif?cid=790b76112ef7519d8b5e5cf1fba4f32eec9fd65c3d53f445&amp;rid=giphy.gif" alt="cat save GIF">&nbsp;</p><p data-f-id="pbf" style="text-align: center; font-size: 14px; margin-top: 30px; opacity: 0.65; font-family: sans-serif;">Powered by <a href="https://www.froala.com/wysiwyg-editor?pb=1" title="Froala Editor">Froala Editor</a></p>', 'undefined', 66, '2019-08-14 10:17:33', 66, '2019-08-14 10:17:33', 0, 0, 0, NULL, NULL),
	(1133, 899, 2, 1131, '다들 고양이 보러 오세여', '<p>뭐가 문제일까요...,.,.,,.,.반례 많이 해봤는데,,,.,.</p><p><br></p><p>#include &lt;iostream&gt;</p><p>#include &lt;cstdio&gt;</p><p><br></p><p data-f-id="pbf" style="text-align: center; font-size: 14px; margin-top: 30px; opacity: 0.65; font-family: sans-serif;">Powered by <a href="https://www.froala.com/wysiwyg-editor?pb=1" title="Froala Editor">Froala Editor</a></p>', 'undefined', 67, '2019-08-14 10:18:21', 67, '2019-08-14 10:18:21', 0, 0, 0, NULL, NULL),
	(1134, 901, 1, NULL, '기묘한 이야기', '개꿀잼', '1565745761439.jpg', 65, '2019-08-14 10:22:48', 65, '2019-08-14 10:22:48', 0, 0, 0, NULL, NULL),
	(1135, 902, 1, NULL, 'DVA1', 'dva', '1565745771094.gif', 66, '2019-08-14 10:23:06', 66, '2019-08-14 10:23:06', 0, 0, 0, NULL, NULL),
	(1136, 903, 1, NULL, 'undefined', '<p>아니 질문이...</p><p data-f-id="pbf" style="text-align: center; font-size: 14px; margin-top: 30px; opacity: 0.65; font-family: sans-serif;">Powered by <a href="https://www.froala.com/wysiwyg-editor?pb=1" title="Froala Editor">Froala Editor</a></p>', 'undefined', 64, '2019-08-14 10:23:14', 64, '2019-08-14 10:23:14', 0, 0, 0, NULL, NULL),
	(1137, 904, 1, NULL, '공지입니다', '제가 권력자입니다 제 말에 따르십시요', '1565745794388.png', 67, '2019-08-14 10:23:16', NULL, '2019-08-14 10:23:16', 0, 0, 0, NULL, NULL),
	(1138, 905, 1, NULL, '미드는 브배지', '브레이킹배드 보세요 2번보세여', '1565745903646.jpg', 67, '2019-08-14 10:25:10', 67, '2019-08-14 10:25:11', 0, 0, 0, NULL, NULL),
	(1139, 906, 1, NULL, '경태야 클라이밍 가지말고 이거 사', '제곧내', '1565745995422.gif', 65, '2019-08-14 10:26:42', 65, '2019-08-14 10:26:42', 0, 0, 0, NULL, NULL),
	(1140, 907, 1, NULL, 'test', '1', '', 64, '2019-08-14 10:28:41', 64, '2019-08-14 10:28:41', 0, 0, 0, NULL, NULL),
	(1141, 908, 1, NULL, 'undefined', '<p>df</p><p data-f-id="pbf" style="text-align: center; font-size: 14px; margin-top: 30px; opacity: 0.65; font-family: sans-serif;">Powered by <a href="https://www.froala.com/wysiwyg-editor?pb=1" title="Froala Editor">Froala Editor</a></p>', 'undefined', 66, '2019-08-14 10:32:14', 66, '2019-08-14 10:32:14', 0, 0, 0, NULL, NULL),
	(1142, 909, 1, NULL, '치킨추천좀', '제곧내', '', 64, '2019-08-14 10:37:51', 64, '2019-08-14 10:37:51', 0, 0, 0, NULL, NULL),
	(1143, 910, 1, NULL, '일단 테스트', '테스트 해볼께요', '', 65, '2019-08-14 10:38:43', 65, '2019-08-14 10:38:43', 0, 0, 0, NULL, NULL),
	(1144, 911, 1, NULL, '피자추천좀', '제곧내', '', 64, '2019-08-14 10:39:02', 64, '2019-08-14 10:39:02', 0, 0, 0, NULL, NULL),
	(1145, 912, 1, NULL, 'undefined', '<p>애옹애옹</p><p data-f-id="pbf" style="text-align: center; font-size: 14px; margin-top: 30px; opacity: 0.65; font-family: sans-serif;">Powered by <a href="https://www.froala.com/wysiwyg-editor?pb=1" title="Froala Editor">Froala Editor</a></p>', 'undefined', 64, '2019-08-14 10:41:59', 64, '2019-08-14 10:41:59', 0, 0, 0, NULL, NULL),
	(1146, 913, 1, NULL, 'undefined', '<p>질문소스가 뭐냐고</p><p data-f-id="pbf" style="text-align: center; font-size: 14px; margin-top: 30px; opacity: 0.65; font-family: sans-serif;">Powered by <a href="https://www.froala.com/wysiwyg-editor?pb=1" title="Froala Editor">Froala Editor</a></p>', 'undefined', 64, '2019-08-14 10:44:59', 64, '2019-08-14 10:44:59', 0, 0, 0, NULL, NULL),
	(1147, 914, 1, NULL, '<h1>test</h1>', '<p>1. 문제가 생긴 부분에 대한 요약</p><p>2. 문제 해결을 위해 당신이 시도한 것 들에 대한 설명</p><p>3. 시도한 코드를 작성하십시오.</p><p>4. 오류 메시지를 포함하여 예상 결과 및 실제 결과 설명</p><p>```</p><p>이곳에 코드를 작성하십시오.</p><p>```&lt;h1&gt;test&lt;/h1&gt;</p><p data-f-id="pbf" style="text-align: center; font-size: 14px; margin-top: 30px; opacity: 0.65; font-family: sans-serif;">Powered by <a href="https://www.froala.com/wysiwyg-editor?pb=1" title="Froala Editor">Froala Editor</a></p>', 'undefined', 70, '2019-08-14 10:51:50', 70, '2019-08-14 10:51:50', 0, 0, 0, NULL, NULL),
	(1148, 915, 1, NULL, '<h1>test</h1>', '<h1>test</h1>', '', 70, '2019-08-14 10:53:28', 70, '2019-08-14 10:53:28', 0, 0, 0, NULL, NULL),
	(1149, 916, 1, NULL, '<h1>test</h1>', '<h1>test</h1>', '', 70, '2019-08-14 10:53:43', 70, '2019-08-14 10:53:43', 0, 0, 0, NULL, NULL),
	(1150, 917, 1, NULL, 'sadfasdf', '<p>1. 문제가 생긴 부분에 대한 요약</p><p>2. 문제 해결을 위해 당신이 시도한 것 들에 대한 설명</p><p>3. 시도한 코드를 작성하십시오.</p><p>4. 오류 메시지를 포함하여 예상 결과 및 실제 결과 설명</p><p>```asdf</p><p>이곳에 코드를 작성하십시오.</p><p>```</p><p data-f-id="pbf" style="text-align: center; font-size: 14px; margin-top: 30px; opacity: 0.65; font-family: sans-serif;">Powered by <a href="https://www.froala.com/wysiwyg-editor?pb=1" title="Froala Editor">Froala Editor</a></p>', 'undefined', 74, '2019-08-14 10:54:21', 74, '2019-08-14 10:54:21', 0, 0, 0, NULL, NULL),
	(1151, 918, 1, NULL, '<h1>test</h1>', '<h1>test</h1>', '', 70, '2019-08-14 10:55:24', 70, '2019-08-14 10:55:24', 0, 0, 0, NULL, NULL),
	(1152, 919, 1, NULL, '<h1>잡담게시판!!</h1>', 'ㅇㅇㅇㅇ', '', 79, '2019-08-14 10:56:07', 79, '2019-08-14 10:56:07', 0, 0, 0, NULL, NULL),
	(1153, 920, 1, NULL, '<h1 style="font-size:1000px">test</h1>', 'test', '', 70, '2019-08-14 10:56:16', 70, '2019-08-14 10:56:16', 0, 0, 0, NULL, NULL),
	(1154, 921, 1, NULL, 'undefined', '<p>비밀입니다</p><p data-f-id="pbf" style="text-align: center; font-size: 14px; margin-top: 30px; opacity: 0.65; font-family: sans-serif;">Powered by <a href="https://www.froala.com/wysiwyg-editor?pb=1" title="Froala Editor">Froala Editor</a></p>', 'undefined', 80, '2019-08-14 10:56:17', 80, '2019-08-14 10:56:17', 0, 0, 0, NULL, NULL),
	(1155, 922, 1, NULL, '<progress></progress>', 'test', '', 70, '2019-08-14 10:56:43', 70, '2019-08-14 10:56:43', 0, 0, 0, NULL, NULL),
	(1156, 923, 1, NULL, '<button style="width:1000px">태그된다</button>', 'test', '', 70, '2019-08-14 10:57:16', 70, '2019-08-14 10:57:16', 0, 0, 0, NULL, NULL),
	(1157, 924, 1, NULL, '<style>body{color:white}</style>', 'test', '', 70, '2019-08-14 10:57:58', 70, '2019-08-14 10:57:58', 0, 0, 0, NULL, NULL),
	(1158, 925, 1, NULL, '<img src="http://dimg.donga.com/ugc/CDB/WEEKLY/Article/5b/02/77/fa/5b0277fa109dd2738de6.jpg">', '<img src="http://dimg.donga.com/ugc/CDB/WEEKLY/Article/5b/02/77/fa/5b0277fa109dd2738de6.jpg">', '', 80, '2019-08-14 10:59:01', 80, '2019-08-14 10:59:01', 0, 0, 0, NULL, NULL),
	(1159, 926, 1, NULL, '<table><tr><td>테스트</td><td>테스트</td><td>테스트</td><td>테스트</td><td>테스트</td><td>테스트</td><td>테스트</td><td>테스트</td><td>테스트</td><td>테스트</td><td>테스트</td><td>테스트</td></tr><tr><td>테스트</td><td>테스트</td><td>테스트</td><td>테스트</td><td>테스트</td><td>테스트</td><td>테스트</td><td>테스트</td><td>테스트</td><td>테스트</td><td>테스트</td><td>테스트</td></tr><tr><td>테스트</td><td>테스트</td><td>테스트</td><td>테스트</td><td>테스트</td><td>테스트</td><td>테스트</td><td>테스트</td><td>테스트</td><td>테스트</td><td>테스트</td><td>테스트</td></tr><tr><td>테스트</td><td>테스트</td><td>테스트</td><td>테스트</td><td>테스트</td><td>테스트</td><td>테스트</td><td>테스트</td><td>테스트</td><td>테스트</td><td>테스트</td><td>테스트</td></tr><tr><td>테스트</td><td>테스트</td><td>테스트</td><td>테스트</td><td>테스트</td><td>테스트</td><td>테스트</td><td>테스트</td><td>테스트</td><td>테스트</td><td>테스트</td><td>테스트</td></tr><tr><td>테스트</td><td>테스트</td><td>테스트</td><td>테스트</td><td>테스트</td><td>테스트</td><td>테스트</td><td>테스트</td><td>테스트</td><td>테스트</td><td>테스트</td><td>테스트</td></tr><tr><td>테스트</td><td>테스트</td><td>테스트</td><td>테스트</td><td>테스트</td><td>테스트</td><td>테스트</td><td>테스트</td><td>테스트</td><td>테스트</td><td>테스트</td><td>테스트</td></tr><tr><td>테스트</td><td>테스트</td><td>테스트</td><td>테스트</td><td>테스트</td><td>테스트</td><td>테스트</td><td>테스트</td><td>테스트</td><td>테스트</td><td>테스트</td><td>테스트</td></tr></table>', '<table><tr><td>테스트</td><td>테스트</td><td>테스트</td><td>테스트</td><td>테스트</td><td>테스트</td><td>테스트</td><td>테스트</td><td>테스트</td><td>테스트</td><td>테스트</td><td>테스트</td></tr><tr><td>테스트</td><td>테스트</td><td>테스트</td><td>테스트</td><td>테스트</td><td>테스트</td><td>테스트</td><td>테스트</td><td>테스트</td><td>테스트</td><td>테스트</td><td>테스트</td></tr><tr><td>테스트</td><td>테스트</td><td>테스트</td><td>테스트</td><td>테스트</td><td>테스트</td><td>테스트</td><td>테스트</td><td>테스트</td><td>테스트</td><td>테스트</td><td>테스트</td></tr><tr><td>테스트</td><td>테스트</td><td>테스트</td><td>테스트</td><td>테스트</td><td>테스트</td><td>테스트</td><td>테스트</td><td>테스트</td><td>테스트</td><td>테스트</td><td>테스트</td></tr><tr><td>테스트</td><td>테스트</td><td>테스트</td><td>테스트</td><td>테스트</td><td>테스트</td><td>테스트</td><td>테스트</td><td>테스트</td><td>테스트</td><td>테스트</td><td>테스트</td></tr><tr><td>테스트</td><td>테스트</td><td>테스트</td><td>테스트</td><td>테스트</td><td>테스트</td><td>테스트</td><td>테스트</td><td>테스트</td><td>테스트</td><td>테스트</td><td>테스트</td></tr><tr><td>테스트</td><td>테스트</td><td>테스트</td><td>테스트</td><td>테스트</td><td>테스트</td><td>테스트</td><td>테스트</td><td>테스트</td><td>테스트</td><td>테스트</td><td>테스트</td></tr><tr><td>테스트</td><td>테스트</td><td>테스트</td><td>테스트</td><td>테스트</td><td>테스트</td><td>테스트</td><td>테스트</td><td>테스트</td><td>테스트</td><td>테스트</td><td>테스트</td></tr></table>', '', 70, '2019-08-14 10:59:08', 70, '2019-08-14 10:59:08', 0, 0, 0, NULL, NULL),
	(1160, 927, 1, NULL, '<img width:10000px src="http://dimg.donga.com/ugc/CDB/WEEKLY/Article/5b/02/77/fa/5b0277fa109dd2738de6.jpg">', 'test', '', 70, '2019-08-14 10:59:45', 70, '2019-08-14 11:10:55', 0, 0, 0, NULL, NULL),
	(1161, 928, 1, NULL, '<marquee style="font-size:100px">재밌당</marquee>', 'test', '', 70, '2019-08-14 11:00:57', 70, '2019-08-14 11:02:45', 0, 0, 0, NULL, NULL),
	(1162, 929, 1, NULL, '파이썬 어떻게 쓰나요?', '<p data-f-id="pbf" style="text-align: center; font-size: 14px; margin-top: 30px; opacity: 0.65; font-family: sans-serif;">Powered by <a href="https://www.froala.com/wysiwyg-editor?pb=1" title="Froala Editor">Froala Editor</a></p>', 'undefined', 72, '2019-08-14 11:01:20', 72, '2019-08-14 11:01:20', 0, 0, 0, NULL, NULL),
	(1163, 930, 1, NULL, 'undefined', '<p>질문똑바로올려라</p><p data-f-id="pbf" style="text-align: center; font-size: 14px; margin-top: 30px; opacity: 0.65; font-family: sans-serif;">Powered by <a href="https://www.froala.com/wysiwyg-editor?pb=1" title="Froala Editor">Froala Editor</a></p>', 'undefined', 66, '2019-08-14 11:01:39', 66, '2019-08-14 11:01:39', 0, 0, 0, NULL, NULL),
	(1164, 931, 1, NULL, 'undefined', '<p></p><p><strong>응 내공냠냠</strong></p><p><br></p><img src="data:image/jpeg;base64,/9j/4AAQSkZJRgABAQAAAQABAAD/2wCEAAkGBxMTEhUTExMWFhUXFxgXGBcXGBcXGBgaFxcWFxcZFxUYHSggGBolGxcVITEhJSkrLi4uFx8zODMtNygtLisBCgoKDg0OGhAQGisdHR0tLTAtLSsrKy0tLS0tLS0tLS0tLi0uLS0tKy0tLS0tLS0tLS0rLS0rKy0tLS0tLS0tLf/AABEIAL4BCQMBIgACEQEDEQH/xAAcAAACAgMBAQAAAAAAAAAAAAAEBQMGAQIHAAj/xABAEAACAQIEAwYCCAUDBAIDAAABAhEAAwQSITEFQVEGEyJhcYEykRQjQlKSobHBFRZi0fBy4fEzQ1PCgqIHJGP/xAAZAQADAQEBAAAAAAAAAAAAAAAAAQIDBAX/xAAtEQACAgECBQIGAgMBAAAAAAAAAQIRAxIhBBMxUZFBUhQyQmFx4SKCJDNiI//aAAwDAQACEQMRAD8AfMulYI/zpUoMGYDeR1B6/lTDDX0LG5eR1HwrCnxt5kaGBFbcXx2TFnjjjC01d2Rh4fmRbsUEgbmB1OlVfi+MLXZDSogDp8q6RYxFlrLXihgPlgNPSJJ0AHXaisBhbd3PCEAZcpJOoZc2o5Gs5cZmf0LyavhNKbfoc0ukBIuE7zI032AqQ30WCHkKQI1MAifer7xG5Zt5YBYl8h8TCCCARHoa9xLurZyjKx10N2CCBIBHLSdTS+Lzexef0UuE6bvc5txDEE62n/8AiNwOs9KHw/F3WQ8t+R+ddYv28OsD7yF0bPKtECBBknWhsLcsMttmVlz5hJaQGWCV3mSJI56Uvi83sXn9AuFtXv4OdYjiaskyQfMT6a9aD+mMgEgEHUH9TFdOsXbBtG4yMIbJo0gnWNzoCBzjWieH2LNxnWCCpGmYzlZVYEjl8Ue1Hxeb2rz+gfCVds5TiOJZlCwBO+kR5/70Mb7DY85001Gkz6RXU72KsBwiox+syGWIHLb5n5UXxBLNp1QqSW2JcKp1gjXUnXYCj4vN7V5/Q3wb2u9/scst8XeMrCeh6+tajirzG3IA6xXXuIYKzaQuVYgEDRuZ0EkmhMFhkvC5COkBSCZ1zLMEHRvbQ0S4zMlvFeSI8MmtSZy7FcRb4SRtBjr1mlrAkwBqP08/0p/xywLV1gtrQgNIGgLTIHlp+dCJcYKFCiTz02/tXbiyLLBTXqc8o6W0LcO5B0En0mtr9xp1J03BP6U6t8LQjmepmPlXrnCwFkeKDInT2mtNJImw+JZCGiY60wTiSNukyYOukfrWLltGJLAgmI1mPPTlRVjhwCMM3Lc9etNJgG4e6FAKyvmDEdDTzBdorq+Fj3n+r4o9aqi2mQKsyDodfeRRFi05mXP7j3ocU+oHQOHcct3tAcrHkf2OxpiTXMWFwAsNxOh5+9RWeLtr42VhplJ0PofWs3iRWo6ez9D/AJvULN+9c+Xj2J+ENA031/apF7Q35ALAx8U6n5UuWw1F5e5UbXKqD9rGtlRdtyD9pd/l18qsGExyXACjA+4kUaBWGB/l/n+9c8v8RxyXrpBvObTarJNsTqM4B1SJOgERG9O8Vxe6pfxeIMwCBCTAa4FB0JBgKZ2hhSq/at3X7xm8RLE5lIM+NQQPsghU1MTOlY5lq6A42gK3xLHMLh725pmefEoWIEQ2TSW+AEiSIryY/Eiytx7+IPeDwqHcMMqqrNvEd5mgb1N3Cw4kFSCYc5WYqxhTJhfgUz9oMImtHW0UKJ/23cROpz3XzPlnMZVbRA0J1I0M1z8uTW73I0P1Ze8NcJRCdSUUz1lRP5z86lz+VVT+LMqkZjIEKoTONGcLmZV5gLpMjNrVpyj/ACa9GElW42mhJ/EXU/8ASWOszHsaunDsvcEuhYBpACFzOgBCjnVGyCOZ9qt2DVLloo10oDJIEDMGiDJG/pXncc0s0G+lM6+H6NfcacKS33b5AQpdgQwiCPCRHqKV8JxFqwzWw+YNdKljAg5JXU/ENInrTXC3LaA/XBpM+IjSd4gUE+GtnEJd723lUfBI3gjT51HOh3Xk6Iu3JSumFcVwVmGdlAYQcwHiJBBjTXWIqK/YGJRXUtaMywIhpHJupHL96IxJsOQWZCRMa7T6Vpw0WbKBVdPMyPEep84pvLD3LyTFtRve0B4nGJfyW7ZYZny5oykFVZ9uYIBrGMxCCz3KsxZCiloYQcyrOciC0naZImpMPh1W73nfplknJCgeIQdvQQfXrWcdgcNckllzMwYnMeRGwnoIpc2HuXk1TimlvSJ8BaUq9ky3dkKxYblhmBB5xNS4TDFAQWza7wAdgBPUwBrXsNctIXIuJDEHfooXU89qmOMt/fT5imsuP3LyYTc23V0wG7wu2TmygEsGJHMgzWcRw8OZZ33lQCAFPlAmjPpVr76fMVBfx9tdmDt91TJjr0FJ5sSVuS8iUsn3JkTw5d9I13+f+b1HhcGLefLMNGhJMZVjQn51gcRt/ZbOZ1C7jrI5elZu4+3lJzjbl/belLNicXUl07kx19DlnaKxdOIBTbKvPQb7jalos3LY+DMSZ01/4p5xjGBbhBI0Cg9fP5UKcUNCDmDTtpAAmu3glWCFmOb52YtXGK+Z3kbVDbDusFgpHMbH0qW3xC0RAca8v7nlW162YgBQDXXZkaCzPg7wAgbA60SVX7WvrzoZ8Edw0GQZ5/8AFSXLYJ+LxRp0pgSd2pAGmX/Nq2uCFMdKFvu0a5SQJ03HtWxvmCVWToDJgeooAU/TXBzMpIGnkROtYwmIBZlZSEGykfDPPyon6crIQy5SAfeOh50NYw3eAlW8XqAdetSwNMcptsAZZPsnn86h1jNP5/vUmIVlGVgNuZmI1kUE5I2OnT+9JsAxcWzeFlDe+vzrW1fIYAAoJGo/KtMNcBBBMGNNP3rRsQToSdOvlt+9KwLZgOL3ho0svL0G5mjD2ktgwSwMxvt/tVHs4tlEakE60VYxImYJEag61Vio6AHVwDowkEbEA9R0M896kDHqfn+tUbDcUa2c9sQpMZTz9qs/CeKreGgKsIlT59DT2AZFz1PzrGY16sTVCFBNe7xhszAdJ0+VB2LzEnMsVFi8WwgKJJ2jWflt71nKMWqaVFqTXQBxfEsQGP1jgEwOX51tb4piHBh2mJgDWB5xRIzlsly3sfFPLkRHWnHF0RiVRQBEaabelZ/D439K8FKcu4gwvH2iLjvOsEfoTRn02++UrmAHLMPF7ihH4DcuHMCSACWOmyiW1nUgawJ0mt8GuUZXfLGwEKCOtJYMV1pXgWuXca2b10CWcmeXTyqYYp/vGgEuqsiQBuBMmpFcH+/Wq+Hxe1eA1y7hX0l/vGvfSX+8aFZo119KDu8SCzmIBE6EfKjkYl9K8Brl3Gj4p/vEfKvWsW/xZj0pfZxRZc0DKdtDt5ipbF/MJGmvsfSplw2GSpwVDWSafUZ2eJsp0PLbY+/U+dKcbj2DZM7jMZBGsA/pWGuO1zKlvMRudt+lWPh/Zx7u4j1rNcPw8G2oobnOXqVW7w8MBrKjr85nrURsoAPrDodMqnb7tX+12EUEamOkmNaYWuxdkMGHoRyq+fFdBaG+pzC7gbZ8emUbg6R71A+IysAolRtMknrFdgtdk7A+IZp67e9DYjsRYJLJKnlzA9AaXxCBwOXNYdiQH8PMTrHlWMTaCicwiNjv7V0PF9hpACsNNzsWoPGdhrhkoV8g3LrFXz4i0M5dibpP+3Tzou3jWNsEnVSNDzq33+xlxCcyBsx0y/vVV4xwl7V1h3ZEaD+48qamn6i0sA4hiCzCY0GgH+b1FYuEaTAO9YvK0+IQYioqdiDrVxGBDanSDttzmi7dldNVueQ3jqPOk9bWXykH/anYFivYBAvhQtGu8GkuKuggALBBP/BphgsSG2Yqx32OvWh8beVwSfiHMDfzNNgLwx+db4e8UMj5dals4ZX2JjqBUNy1B0II67VIDEPbLaNE6+IaD3oi1i1t6qxD8yNQfUcqSM8wI1GnrRNu5kHiUzyP7GqsReOGcZS4csw/TkfQ01iub2mkh1GoWTr56R+VTfxHE/fNOwGbY5hEwATBncew5UzwOIw65GJOYLekKJDBrb5ZYmE6RqZjSlHFOHBiuusEAcvmdal4Hw51hmeyA4YQ7WywYA5YQkHVoHoajJ0KQ1xzfW3I18Z38svPnUOHuy7MDqG9fOYgzQ/EsYFuaNbYuSQLbZgJ2Ut1maHwF4k3AATDa6xy2qoNaSkv4tlkTiCMtxYMlbxGYgNphbqs5VfCMxYCP3pBiHTLLKG5ddf2pmvAm7u4WLZlR5Kn4fqWuqZ6HLlIP36rmLw5Xlm2OaI/5rOFJuiWGkMdisbRzHlNewqssAHTodRpyBpcL0nxBQecH8yKlzv9lxBB309hzrWxBN2/9ZDkiBtyM+deeznkgBvIiY9a14XhjdbwLMCGzb+3UVe+zfZlU8ZWJ5dKxyZlFFxg2J+Fdn3dAdmAiBMEddaa8N7I5dDt0GnvV0wuGCgeVE5RXLzpM00pCjh3AbVv7Mk86bqgFYZorQ3ahyb6lJE0isZxQj3q07+ocylANNwVqbooA36jN/zqNZaxDRblbE0stX9ane/EU1MlwDIoTGcLtXfjQGsrfqQXapTE4MRcU7GYa7Phyk8xVT4l/wDjMANkYk8ieXlFdMFytg1aLI0Q4nAcf2WxFsxkYjkYNJ79hlMFYPTnX0jfsBhBFc57W9i2LG5bOupJJ/Kt4Zb2ZnKBzAkkjr8qwDH6UfjOHXFbUT+W1DHDuupXT1GldBmabbGDsYnnU2EuoNHUGTv/AHqC9dLGT0ry25EjkaEwDsV3RGikNyg6UL3RESfCdZGvz+VYtNqDoY5HaibOIVVIKiSQR0imAIDB00qXvn6itFsFy2Xlrr0qPuz1FIRccUp8MHX0nX9qLwztbi4VgHOgJ2MiGylSGBg8jNQXCCPij5fMUXgcT4CveFVIzCMoJOgAzMDlny8qufQpAHGODnvna63iL5gRKrE7qusCOtA4I5e9dR4gx3nLAA360Tx6+73XBMIrFczHxFQdJAA18zS/B3it5gxhCw5wDEaA8pHOsk+hvFf+Uvyh1b462U94+hS7OpYnNauWwSRyBf8ATpWjwV0giPl50daXDtiLDWWUEvcVkVmYPbNl5zZhoocQPvaGNKqWBu3ba5gCwIGkaHTryog1exgxrcwYnOYYAaiN/Kt8HgWuZQqnykaj36VJwTB3rrjKIH2s37V0Hg/BhaEk61nmzxiqRpDG2D9muCm0PEBrVjVhtQOMxgQUFhOI5zuI9a8t5HJnWoUixI9blqBt363bEgVrFkOJI9yh3vUPdxIqC5ihRZSiEvdqFrtQLdmvXKze5aRI12ozdodqjNyoZaGNq5U7XDS+xcFTXLwFFhQWlyKlS7SV8TRdi9NNMTQzF6plu0vRqmD1omZtB63KxeUMIOtBLcohLoq0zNxKl2o7Jd6M1vwkbR+dc54v2fuWdzM7jWfeu8ZwaQ8a4Yrg6adN5raOZozlA4QykGCNa3Nv7skGNYn1mrLiODBHYHUTpyI8qX37Jt+BNyZ1Mb8hXclas52ha9jKQROU7E6UfasZx4gADoOv5daZ4ewzfGCI2mN4A9N6UY+3cVufrH9qqgB0RgxAkAkqRGoqH6IfL51LcfSZJJM6aH3qCP8AV86QFwuYQMIYys6eVE4fC5rWRs7MjFwUZLfhMaXHYE5QYiAd+VZo/h2DJylmZFY5QwIE9dTy25ijJ8o0DcXYPeY5ADs3wnUHWCPi9TVfbhq3e8kkEPofYbjnTy6sM3QkkSSSZO8kAmfMUDgt7n+r/wBRWf1RR1Y1/jz/AChXg7V2w5IUaZspjfMpXQ8tCT7U87PYS9dbKbYyjaNvzrOUkgb6j/mug8CwapbHXnU8RPQqRhjhqN+HcKt2hIUZqIxF2BUt5wB6Ul41jVVZYwAK8qbs7YxKr2v453QAJJJOgqXsviHyS3OqjevnE4ku2iqYUfvVzwloZRFRFUase2sbWz4sUrVo5UZg1ncVaJewQqk60NilI1FG3LgA3Apfdxq1dCTIbGLgxTOzdlarOOuA6qaI4dxHSDvtWa2ZQ7czQV54NTq8gUFiZmiQ0F4a4DU11qXWWgVKbpNTQEiGmNpwBSO/iQupoS1xMuYExVJpCLO+L6VsmJjzpRh1J51JctsKe4qQ1OKmpLeI86SK3nUb4gjnRqDSWMYzzqS3fDVUbnEYB1orhPE83Op1icAbtRhVUFgRMyaroUMOTDl++tXfjODW6h5SN65vfF5XhSAq7+YnlXq8LltUcWaNMYEgDmBtpy86gNpGX4jrrmnf3oLErdaWtiBsYOrftWMBg3thWzEA/GrcvMRXVZia4jg86rEdBz9fOhf4d/8Azf50/TQwIipp/wAinSA2J/w1stwjnGnQH5ZgYqW33bGD4PzHv0qW9gY2dSPWk6ezAEZyWdiAJYkRQuD0a5/r/YUWFqCzbIa5ofj/AGFYzaWWKOvG/wDHn+UTKat/AOIjLBOtU+pLN0qdKM+PWrRz45Uy7YvF7nkK5z204k90ZQ0KN/OrZeM28x6a1Q+M2wW8BjyPrXhzu9z08dEfZywSdN66DgbECDVN4IhQg1crF4sNauPQUupLctsPhy+9Lcb9M+x3fzNO7ds9Kkaw1FjKPc4fxFjLXUX/AEif1qI8LvLOfEXvZ1A+WWrw+HJ5UBjeEO22lNNjpFOti4jCLzMN/GAZ8pAFWPh+GzR89K0PZAtqznyphwnhb2jq+aPWn1B0hrhrAAisPZ5AUVbtk7afpUiIwPlTUSHIVfQjExQt5CBVjvtpB0HKkvElIEAT50NAmV7HajxERUnDbiDbX0pPj17y5lZdJ5z71KvZy2RHdgHqCVPrINSki2mXDD31Om1ElZFUFuF4yxrbuG4v3WJJ9m3o/AcfvKIvWnTzjMPmKrUTpY+uCDvQWMOlafTFuag16+NKi7AR8WxPdoSaz2ZxpOsyOtRdqFm0ai7FoO5UjUTqOlKS2GjpmFuZlg86rXHuHqhzCP39jTfB3IAiiOMWQ1skLmIG3OtuHnpaMcsLOe3VVBAPnExUKYkMMvXfXX2nlXsRg5Mm3Op0JOnlXrXC4IKtlEyANfWa9pO6Z5/Rh6YcCI0AqeRWh3raqA0JrwNYmtlUkwNTQBlT50ThMSyvcUMAC+siRqorA4dd+4d6Kw1o97cBSVLbxt4RXHla50fwzpx/6ZL7okQoQc+ViNgJE+9bYOyruMqRrzo5MJh01J1PkT+Qonh+QnwfpFLNOo7GcI7k2LwvhgaaVWMXwtZJI1q7FRGtLcdZBFebKN7nbF0VjD4MDlTKw4EUNiEIOn61hFJ+1Ul0NlxnSpBjY3NJyjbBq1OHbctSaY00WbD4sHnRRFVbg95GYqrAldx0NWZbuUa61STFKROtr5VqwWaiF7Sq/wAb4i4nIYNWjN2WoXbaDetP4ra9a5Nje1DWyBduTI1jSPesJ2kUDRwJ6sK0VvoS1XVnWRjkfpFa3AK5Nh+2YB0aferlwPtALxCgGedTIa2G+LwaN9nWhlsgU1uAxHOgbiVg0ap2QAxXmI2NYuN4hWb450JlMgu2lP2RS/H3gogUTdvwN6QcVxJYUyBHx/HEgipewuK0ZdtQf1mknEzLayddqacDRlIIETz8qmT9DQ6Fh7uu9M+909qqmGxQDUTieIdN61xQcnSMZzUeoJxADvGoYKBWzNJk86wa9yCaikzzm7bZ6K9WGJ5Coe9b7v51QiezZLGANacYLAsvT3qTCLkHhE+db3b7+9Yyk2UkSDONWcj0AAoLGWT3j+IjUfoKKXUSSJ/SicfCXG1AJ1rkmnzofhmsZfwaFtmwAJgtTHg+aZIA9BFCNjl219hvTnhWHCqbjnKCJ19QP1I+dXm+WhQ2YW96BqaGe4p2g0Vi0oQIZ+H5VwdDrQFisHO1KcRauLMRVgfTL4tWmBzOUAtp5Aio7qmJI0kCeWutS1uaJiDDsc3iP5UbetArEnUVHjsLDkTJBgx100/MfOsAP4gRlyKWIaVMDU6Hy1oVkySK9Yy4S/ohhzq5Jj3q4DGEiQZBpHfdW3gz1qA57Sd4WHd5skfaBiYjpFNMGh7cxZFJOKYgzMD3P60Ld40NhI899KYYXgF29cZWaFXL4hqrZ1DrHqpBq0Q3ucz7TWGJLd3p1G3ypDg+HX7ulq07egMfOvoDhXZCyiNnAdzMFtco8hRycJRFyKAoHQRWiZMtz58wHCLpMtbcQYPhMA+tdY7J2ggEaaU5x2GgZVAHly/3pTZItnKdfQUmP7FwOJEamg8diNNNKSPxBYkHakuI7RC4TbstL9d4rB7lofnGazrUzYvMN9KS4FriD6xy0+Q09DypjAI/OpL6mb8FdKUYuzyoy6eh9uYryWWbf86VhRVcRw5pkEz/AJyppgMMQupJp0OHc69ctgKYMGmo2xSewrs7nrUuWtEUjfWpJr2sEEoLY86cm2ZrE1mawa3IM1itC1e72gCyIpIElY9SB70Ob6np7An9ayMKvxM4j/NhUd0gdY8xWCSKMXcTBEDXT+21M+1ltu/QDSVHkNzSG73gCnuzlMagFiCdQCANDHKjuHYVx4yBIMFZzEebhZy8tNTrtXNkz4o1JyQ03uWDh/AwEZt3KMBIDQSND13/AM1ofilxiJZGWLN2JAUib2FUTBMFirEDeKm7L8ba9de0yqMqK4IMnVmQgjyIEHzp3xG2rrkcSpI0/wBJDD8wDWc7TpmmNxnFSiC4hvbUgeZ3pfiL7iMiS07kwqjmTzJAmB13o2/h0Lq51ZQwGu2eMxA6nKBPStWtDz/zeudnUlsJrz5RZGVywe8FBZdQEtgu7bbRt1rfEhsrM0BEGZV8IAbX6247suw2EwJO5NMnwqlg0agMB6NlzR65F+VRXbHQkeY3HoaF1Fp2oXYW4GNy4nim85DDYxCyCDtA3FLMXYKBhntr/wDqstu0GZ3yl2zMc3iJLE67bRzpwtpkESzakyzM7EnmS3/FC4rDl9CzhdPCHYJoSwlRodSTSHp2Qpwzd2txTmyssEKFYyDKxm0B3HvUGPxA+jjKrKRiB8TAsfqn+7t050zvYczAlvL+9T4PgwJDXTMGcvKdtfY/nSobW9kHDsFeu2LakYjJDBkTJaV1zDLnuGGKgDbzq0cN/wCrdUWyFm3mMrCsLFqEUDU6RrWwvQIiBWtsr4hHxkl/6pUKfaFA9q0i62M3HexgqA7QRyI10qG7b36R861w5VVCoAqqIVQAAANgByrN24OlaxZLQkxyAx+dIOI2RqKsmLM7GkOLUUS7ArRQuIWb2fJmhZ0jpVh4RgLaKCAM3Xr71FjcNmuDUmPkKecOwo0rkldnSt0a27LNpH9qItcJPpTO1YIqWD1peoxaOH5d6ytocjRdwkbmaV4nUyC1MCdmjc0FfUsfCM3pW5VspmSKxwyxcJzLt6TWmKDkzHJOkC3cFdGpttHWKFueenrNWj6ReH3W9NP1qdbzMPGgI8wDXrRnpVHE1ZTkJ51u1Wa7wy2f+3B/pJob+GWtjmU+v96ayonSIR6Vvp5U9/gKHa5+VafwAf8AkHyquYgpiBuPGdLYHoxqUYu6bLXlt95lzFlBYtlGmYLHiAO5GwINJKkw5zMllmYW7lxM6qGaQCGPgQEkeEDprXg4+Imr1NmUHbo6BafKqAoAhtpmcE5sxyKEyjWCCdeUVvic4wrsyJauZCMqmVUk5BDAa+E79aVcY4zYtOGuPibJI8Jy92rAa+FbsAkeQnSijjMO+GcLcuDMmcG8twE6hgZZYgkAaaa15CjOThqjScl6dmd8q0PS96NOG4S9ZY4rCIzo9tbbWrphhkZjmtbZl3nry2qC923une0n/wBqzw3tjas2+5Y5nUyqoGeVYFhqBAIaQQSNCD5VW8ZiTcuPcIguxYjpJ0Gm+nOvc416ZWmcalWONbFi/mi/BbuQAACScw0JCgidxJA06isp2rvkEiypABYnxbCASOsSJjaaTYjF5rMFxmIW3kjUKtzvJnflvt71KvEQbTM7DvArIqnYhxbBOUzJhfLauT+w9b7h69sLswLSeWp/Spn7U3wwQ2FzGCBrJnUVW8JiQkyoYHLzjVWDAgj3HvRGMxyvdz5V1VBBmFIAkwDrBNJStXqBZJdxvie0V4EB7IWRIGuokidNxII9jUB4/cyhu5XKSVBk6kQSPWCDS/GYlVuqbRQ5fFmUEaksSs7RrMDbP61LjMcFRVtMPj7xsoKwQtvLPnMjUn4fOnfX+QcyXuC07QXAuYWVgHKTJ0JEiRuNKlsdprpBIsqQBJMnQExMUvxmNXuiqsM1wqzqoIjRi0nqGPMnfasXuJlkJJSYZMjBjo2Q5lG32dtANetH9g5ku4y/mu621pT5DN/asXe015TlNlQYBiTMESD7jWlXDOId0GGWc2XyiCD0rzY4G93wbIQtsjKpYZhbUEaEQAZG9Cdr5g5kq6jNu1V5TBtATrrmGnIwRtUi9qL7D/pCAJJkgQImCd96QcTu23fNbkTAgiIgR8RY5jM61P8AxYm2yMzT3ZUbQdEVQQZIMDlFJSd1qFrfcYN2luMNLQ66Zv7UDc42WI+qBJOgBMnoABuZj51Fh8YltYD3QTM5YCjMjI3hzQxg7kUBhsSUcMmkEFSQCV10bpm/ehzltuGt9ww4oqQxtRmEg5jBEx+ulMcPxx4JFpSFALanQEhdegkgTQfGsQjMq2ypRQTIGssSSJjT/TW2DxwVSMsQh0DP430ADAbgydNqX1VqHzZX8wenad9hbU+QJP6CtrvaS6IzWlGYZhqdRO4PtSrhl/u7gacoMhoBJgkGAJmdBz5VJicSBcRkfPlA1K5QTmJbcagyf8ikt18wc2XcPPaK5lD90MpJAOYwSIJHrrUN3jbmCbIE7fEAfTTWhbuIttbVMgX6xmkFmyqVtiSD8ROo9q3xuMRkUKz5kKlTkyyQmXWW8MaRHvyp1/0PmT7k+J4y4GVrOU9CWU6+RE0Nh+LR8KQeodhS3iuNLPAPhUZV32kkmX1YksaETEEeZI+VHNlF7Mylkk3Vlp/mO5zUH1NZ/me4P+2o96qoxLc/zFe+kNO/6U/iJ92TrfctTdqrh+wvzNYPaq59xfxGqsLrDc/pUlp5mddv0FNcRk6Ww1ssa9pm5Wl+Zrf+Z2/8SfM1XBHWtvf86Odk7hrY4tYC2QT3bmCAQG5EMZ12+GPepsOy2X+ouWlLIWJe4jaAXDA8Qj4G5xpPKhWE6ef/AKlf0ZvnWyuRlhm0HhE6DTpXtS4LF7UbRqLtBvC+GpimD4m6bhYQpzjQMcoCINBJgAjfrVqv4l7J7soz21th2dco7lAIBuJm8R8J+CdtqH7I4INDuS2UAgEkgHMfFGxbxb8o0qynhtrKVyaMyMRJ17vKVB8hlGnlXBxHDYsm0l0OmG25TMLwVcTca7csXbMok5kNtmaSdRHihSJPU+VT3OymHH3/AMX+1Wm81A3az5MKovlxk7aK+ezFj+v8VaHs1Y/r/FT0mtGo5MBrDDsJP5bsf1/irH8t2Oj/AIqbvNZQTU8qF9CuTDsKD2bsf1/iry9m7BP2/wAVNXMV5G50njiHIh2F38r2P6/ZprH8sWP6/wAVOEaf0rN3TnTWKPYXIh2K/c4BYH3vxVA/BLHn+I03xVLn35UnCPYORDsBPwmz0b8RoXE4OyqzlP4jTPENCk9BNVjEY03NNh0prFFhyYdjyZCdLZjl4mpnhOGW2+wfZjUWAs1Y8DbEUcmIcmHYhsdnbR+y/wCI0anZWxzz/ipphjRhEirWGBLww7Cdex2HPN/xVpe7I2F+/wDipzbcipnuSINU8EK6ErFC+hReK4DCWMmfvJuMVUKZkhSx3IA0B3NC21wkgG3iPgLgwCMqsqE5g2UAMwG/OrBxrhnePbYNlNtmYSocHPba2ZB20YkEc6FXsl3oUPe8KqFyi2sFe/t39SSdc9pPaalYcfqDwr0RWuLW7WcCzZuMFVS/eEpHeSbRVpKkMEfnyoGypeSuGk95kADEBiB9YAxjM0tb0Wd/SrqOxcMzDEHVLaZTbAULaz5IAPxAXGE/pS7HcNuWyfrQR3jXNLYXK1wJOXKRp9Wv+GqWDE/QyeCN9Cr2bi5hOHYaqSv1pcqe91VcsEfVXOf2TW1yxc8THDkQA2uecp+FmAlkEMvLnrGlXa12MItKy3gXFoqjPbBP/cy5iDrBuvr/AFGgrfZd7y3mY27Ny4vdBrQLsF7u2pY3GCnMTb5DYLWi4bH2JWGKK5jcMUdlGHLZMttznyAXcocqrNowyuh969wwq6lvo1whi2TI05hblHgMQXhkf4R9k0+Ts2yhu8uKzG53ikoXILWrVtpuO+Yz3YPvUmB7Jm2EIuITbDhGNoFgLj3bhEzqA125Gmk1S4aCd0LlQEZyd1330a/3WUPnjQoyqwaJn4WB9CDTf+BL/wCK58zWf5Wiy1sYhoKLbM20mFs28ONRzyWl16z6Cx/xq51Hyq+RD2ofLgf/2Q==" alt="ë´ê³µë&nbsp;ë&nbsp;ì ëí ì´ë¯¸ì§ ê²ìê²°ê³¼"> <br><p></p><p data-f-id="pbf" style="text-align: center; font-size: 14px; margin-top: 30px; opacity: 0.65; font-family: sans-serif;">Powered by <a href="https://www.froala.com/wysiwyg-editor?pb=1" title="Froala Editor">Froala Editor</a></p>', 'undefined', 64, '2019-08-14 11:01:48', 64, '2019-08-14 11:01:48', 0, 0, 0, NULL, NULL),
	(1165, 929, 2, 1162, '파이썬 어떻게 쓰나요?', '<p>파이썬 어떻꼐 쓰나요?&nbsp;</p><p>파이썬 써주세요</p><p>Python</p><p data-f-id="pbf" style="text-align: center; font-size: 14px; margin-top: 30px; opacity: 0.65; font-family: sans-serif;">Powered by <a href="https://www.froala.com/wysiwyg-editor?pb=1" title="Froala Editor">Froala Editor</a></p>', 'undefined', 66, '2019-08-14 11:02:02', 66, '2019-08-14 11:02:02', 0, 0, 0, NULL, NULL),
	(1166, 932, 1, NULL, '""""""', '""""""""""', '', 80, '2019-08-14 11:02:04', 80, '2019-08-14 11:02:05', 0, 0, 0, NULL, NULL),
	(1167, 933, 1, NULL, 'ㅁ', '1. 문제가 생긴 부분에 대한 요약 <br> 2. 문제 해결을 위해 당신이 시도한 것 들에 대한 설명 <br> 3. 시도한 코드를 작성하십시오. <br> 4. 오류 메시지를 포함하여 예상 결과 및 실제 결과 설명 <br> ```<br>이곳에 코드를 작성하십시오.<br>```', 'undefined', 78, '2019-08-14 11:02:54', 78, '2019-08-14 11:02:54', 0, 0, 0, NULL, NULL),
	(1168, 929, 3, 1162, '파이썬 어떻게 쓰나요?', '<p>asda</p><p data-f-id="pbf" style="text-align: center; font-size: 14px; margin-top: 30px; opacity: 0.65; font-family: sans-serif;">Powered by <a href="https://www.froala.com/wysiwyg-editor?pb=1" title="Froala Editor">Froala Editor</a></p>', 'undefined', 72, '2019-08-14 11:03:45', 72, '2019-08-14 11:03:45', 0, 0, 0, NULL, NULL),
	(1169, 929, 4, 1162, '파이썬 어떻게 쓰나요?', '<p>asda</p><p data-f-id="pbf" style="text-align: center; font-size: 14px; margin-top: 30px; opacity: 0.65; font-family: sans-serif;">Powered by <a href="https://www.froala.com/wysiwyg-editor?pb=1" title="Froala Editor">Froala Editor</a></p>', 'undefined', 72, '2019-08-14 11:03:46', 72, '2019-08-14 11:03:46', 0, 0, 0, NULL, NULL),
	(1170, 934, 1, NULL, '<h1>잡담게시판!!</h1>', '1. 문제가 생긴 부분에 대한 요약 <br> 2. 문제 해결을 위해 당신이 시도한 것 들에 대한 설명 <br> 3. 시도한 코드를 작성하십시오. <br> 4. 오류 메시지를 포함하여 예상 결과 및 실제 결과 설명 <br> ```<br>이곳에 코드를 작성하십시오.<br>```', 'undefined', 79, '2019-08-14 11:03:54', 79, '2019-08-14 11:03:54', 0, 0, 0, NULL, NULL),
	(1171, 931, 2, 1164, 'undefined', '<p></p><p><strong>응 내공냠냠</strong></p><p><br></p><img src="data:image/jpeg;base64,/9j/4AAQSkZJRgABAQAAAQABAAD/2wCEAAkGBxMTEhUTExMWFhUXFxgXGBcXGBcXGBgaFxcWFxcZFxUYHSggGBolGxcVITEhJSkrLi4uFx8zODMtNygtLisBCgoKDg0OGhAQGisdHR0tLTAtLSsrKy0tLS0tLS0tLS0tLi0uLS0tKy0tLS0tLS0tLS0rLS0rKy0tLS0tLS0tLf/AABEIAL4BCQMBIgACEQEDEQH/xAAcAAACAgMBAQAAAAAAAAAAAAAEBQMGAQIHAAj/xABAEAACAQIEAwYCCAUDBAIDAAABAhEAAwQSITEFQVEGEyJhcYEykRQjQlKSobHBFRZi0fBy4fEzQ1PCgqIHJGP/xAAZAQADAQEBAAAAAAAAAAAAAAAAAQIDBAX/xAAtEQACAgECBQIGAgMBAAAAAAAAAQIRAxIhBBMxUZFBUhQyQmFx4SKCJDNiI//aAAwDAQACEQMRAD8AfMulYI/zpUoMGYDeR1B6/lTDDX0LG5eR1HwrCnxt5kaGBFbcXx2TFnjjjC01d2Rh4fmRbsUEgbmB1OlVfi+MLXZDSogDp8q6RYxFlrLXihgPlgNPSJJ0AHXaisBhbd3PCEAZcpJOoZc2o5Gs5cZmf0LyavhNKbfoc0ukBIuE7zI032AqQ30WCHkKQI1MAifer7xG5Zt5YBYl8h8TCCCARHoa9xLurZyjKx10N2CCBIBHLSdTS+Lzexef0UuE6bvc5txDEE62n/8AiNwOs9KHw/F3WQ8t+R+ddYv28OsD7yF0bPKtECBBknWhsLcsMttmVlz5hJaQGWCV3mSJI56Uvi83sXn9AuFtXv4OdYjiaskyQfMT6a9aD+mMgEgEHUH9TFdOsXbBtG4yMIbJo0gnWNzoCBzjWieH2LNxnWCCpGmYzlZVYEjl8Ue1Hxeb2rz+gfCVds5TiOJZlCwBO+kR5/70Mb7DY85001Gkz6RXU72KsBwiox+syGWIHLb5n5UXxBLNp1QqSW2JcKp1gjXUnXYCj4vN7V5/Q3wb2u9/scst8XeMrCeh6+tajirzG3IA6xXXuIYKzaQuVYgEDRuZ0EkmhMFhkvC5COkBSCZ1zLMEHRvbQ0S4zMlvFeSI8MmtSZy7FcRb4SRtBjr1mlrAkwBqP08/0p/xywLV1gtrQgNIGgLTIHlp+dCJcYKFCiTz02/tXbiyLLBTXqc8o6W0LcO5B0En0mtr9xp1J03BP6U6t8LQjmepmPlXrnCwFkeKDInT2mtNJImw+JZCGiY60wTiSNukyYOukfrWLltGJLAgmI1mPPTlRVjhwCMM3Lc9etNJgG4e6FAKyvmDEdDTzBdorq+Fj3n+r4o9aqi2mQKsyDodfeRRFi05mXP7j3ocU+oHQOHcct3tAcrHkf2OxpiTXMWFwAsNxOh5+9RWeLtr42VhplJ0PofWs3iRWo6ez9D/AJvULN+9c+Xj2J+ENA031/apF7Q35ALAx8U6n5UuWw1F5e5UbXKqD9rGtlRdtyD9pd/l18qsGExyXACjA+4kUaBWGB/l/n+9c8v8RxyXrpBvObTarJNsTqM4B1SJOgERG9O8Vxe6pfxeIMwCBCTAa4FB0JBgKZ2hhSq/at3X7xm8RLE5lIM+NQQPsghU1MTOlY5lq6A42gK3xLHMLh725pmefEoWIEQ2TSW+AEiSIryY/Eiytx7+IPeDwqHcMMqqrNvEd5mgb1N3Cw4kFSCYc5WYqxhTJhfgUz9oMImtHW0UKJ/23cROpz3XzPlnMZVbRA0J1I0M1z8uTW73I0P1Ze8NcJRCdSUUz1lRP5z86lz+VVT+LMqkZjIEKoTONGcLmZV5gLpMjNrVpyj/ACa9GElW42mhJ/EXU/8ASWOszHsaunDsvcEuhYBpACFzOgBCjnVGyCOZ9qt2DVLloo10oDJIEDMGiDJG/pXncc0s0G+lM6+H6NfcacKS33b5AQpdgQwiCPCRHqKV8JxFqwzWw+YNdKljAg5JXU/ENInrTXC3LaA/XBpM+IjSd4gUE+GtnEJd723lUfBI3gjT51HOh3Xk6Iu3JSumFcVwVmGdlAYQcwHiJBBjTXWIqK/YGJRXUtaMywIhpHJupHL96IxJsOQWZCRMa7T6Vpw0WbKBVdPMyPEep84pvLD3LyTFtRve0B4nGJfyW7ZYZny5oykFVZ9uYIBrGMxCCz3KsxZCiloYQcyrOciC0naZImpMPh1W73nfplknJCgeIQdvQQfXrWcdgcNckllzMwYnMeRGwnoIpc2HuXk1TimlvSJ8BaUq9ky3dkKxYblhmBB5xNS4TDFAQWza7wAdgBPUwBrXsNctIXIuJDEHfooXU89qmOMt/fT5imsuP3LyYTc23V0wG7wu2TmygEsGJHMgzWcRw8OZZ33lQCAFPlAmjPpVr76fMVBfx9tdmDt91TJjr0FJ5sSVuS8iUsn3JkTw5d9I13+f+b1HhcGLefLMNGhJMZVjQn51gcRt/ZbOZ1C7jrI5elZu4+3lJzjbl/belLNicXUl07kx19DlnaKxdOIBTbKvPQb7jalos3LY+DMSZ01/4p5xjGBbhBI0Cg9fP5UKcUNCDmDTtpAAmu3glWCFmOb52YtXGK+Z3kbVDbDusFgpHMbH0qW3xC0RAca8v7nlW162YgBQDXXZkaCzPg7wAgbA60SVX7WvrzoZ8Edw0GQZ5/8AFSXLYJ+LxRp0pgSd2pAGmX/Nq2uCFMdKFvu0a5SQJ03HtWxvmCVWToDJgeooAU/TXBzMpIGnkROtYwmIBZlZSEGykfDPPyon6crIQy5SAfeOh50NYw3eAlW8XqAdetSwNMcptsAZZPsnn86h1jNP5/vUmIVlGVgNuZmI1kUE5I2OnT+9JsAxcWzeFlDe+vzrW1fIYAAoJGo/KtMNcBBBMGNNP3rRsQToSdOvlt+9KwLZgOL3ho0svL0G5mjD2ktgwSwMxvt/tVHs4tlEakE60VYxImYJEag61Vio6AHVwDowkEbEA9R0M896kDHqfn+tUbDcUa2c9sQpMZTz9qs/CeKreGgKsIlT59DT2AZFz1PzrGY16sTVCFBNe7xhszAdJ0+VB2LzEnMsVFi8WwgKJJ2jWflt71nKMWqaVFqTXQBxfEsQGP1jgEwOX51tb4piHBh2mJgDWB5xRIzlsly3sfFPLkRHWnHF0RiVRQBEaabelZ/D439K8FKcu4gwvH2iLjvOsEfoTRn02++UrmAHLMPF7ihH4DcuHMCSACWOmyiW1nUgawJ0mt8GuUZXfLGwEKCOtJYMV1pXgWuXca2b10CWcmeXTyqYYp/vGgEuqsiQBuBMmpFcH+/Wq+Hxe1eA1y7hX0l/vGvfSX+8aFZo119KDu8SCzmIBE6EfKjkYl9K8Brl3Gj4p/vEfKvWsW/xZj0pfZxRZc0DKdtDt5ipbF/MJGmvsfSplw2GSpwVDWSafUZ2eJsp0PLbY+/U+dKcbj2DZM7jMZBGsA/pWGuO1zKlvMRudt+lWPh/Zx7u4j1rNcPw8G2oobnOXqVW7w8MBrKjr85nrURsoAPrDodMqnb7tX+12EUEamOkmNaYWuxdkMGHoRyq+fFdBaG+pzC7gbZ8emUbg6R71A+IysAolRtMknrFdgtdk7A+IZp67e9DYjsRYJLJKnlzA9AaXxCBwOXNYdiQH8PMTrHlWMTaCicwiNjv7V0PF9hpACsNNzsWoPGdhrhkoV8g3LrFXz4i0M5dibpP+3Tzou3jWNsEnVSNDzq33+xlxCcyBsx0y/vVV4xwl7V1h3ZEaD+48qamn6i0sA4hiCzCY0GgH+b1FYuEaTAO9YvK0+IQYioqdiDrVxGBDanSDttzmi7dldNVueQ3jqPOk9bWXykH/anYFivYBAvhQtGu8GkuKuggALBBP/BphgsSG2Yqx32OvWh8beVwSfiHMDfzNNgLwx+db4e8UMj5dals4ZX2JjqBUNy1B0II67VIDEPbLaNE6+IaD3oi1i1t6qxD8yNQfUcqSM8wI1GnrRNu5kHiUzyP7GqsReOGcZS4csw/TkfQ01iub2mkh1GoWTr56R+VTfxHE/fNOwGbY5hEwATBncew5UzwOIw65GJOYLekKJDBrb5ZYmE6RqZjSlHFOHBiuusEAcvmdal4Hw51hmeyA4YQ7WywYA5YQkHVoHoajJ0KQ1xzfW3I18Z38svPnUOHuy7MDqG9fOYgzQ/EsYFuaNbYuSQLbZgJ2Ut1maHwF4k3AATDa6xy2qoNaSkv4tlkTiCMtxYMlbxGYgNphbqs5VfCMxYCP3pBiHTLLKG5ddf2pmvAm7u4WLZlR5Kn4fqWuqZ6HLlIP36rmLw5Xlm2OaI/5rOFJuiWGkMdisbRzHlNewqssAHTodRpyBpcL0nxBQecH8yKlzv9lxBB309hzrWxBN2/9ZDkiBtyM+deeznkgBvIiY9a14XhjdbwLMCGzb+3UVe+zfZlU8ZWJ5dKxyZlFFxg2J+Fdn3dAdmAiBMEddaa8N7I5dDt0GnvV0wuGCgeVE5RXLzpM00pCjh3AbVv7Mk86bqgFYZorQ3ahyb6lJE0isZxQj3q07+ocylANNwVqbooA36jN/zqNZaxDRblbE0stX9ane/EU1MlwDIoTGcLtXfjQGsrfqQXapTE4MRcU7GYa7Phyk8xVT4l/wDjMANkYk8ieXlFdMFytg1aLI0Q4nAcf2WxFsxkYjkYNJ79hlMFYPTnX0jfsBhBFc57W9i2LG5bOupJJ/Kt4Zb2ZnKBzAkkjr8qwDH6UfjOHXFbUT+W1DHDuupXT1GldBmabbGDsYnnU2EuoNHUGTv/AHqC9dLGT0ry25EjkaEwDsV3RGikNyg6UL3RESfCdZGvz+VYtNqDoY5HaibOIVVIKiSQR0imAIDB00qXvn6itFsFy2Xlrr0qPuz1FIRccUp8MHX0nX9qLwztbi4VgHOgJ2MiGylSGBg8jNQXCCPij5fMUXgcT4CveFVIzCMoJOgAzMDlny8qufQpAHGODnvna63iL5gRKrE7qusCOtA4I5e9dR4gx3nLAA360Tx6+73XBMIrFczHxFQdJAA18zS/B3it5gxhCw5wDEaA8pHOsk+hvFf+Uvyh1b462U94+hS7OpYnNauWwSRyBf8ATpWjwV0giPl50daXDtiLDWWUEvcVkVmYPbNl5zZhoocQPvaGNKqWBu3ba5gCwIGkaHTryog1exgxrcwYnOYYAaiN/Kt8HgWuZQqnykaj36VJwTB3rrjKIH2s37V0Hg/BhaEk61nmzxiqRpDG2D9muCm0PEBrVjVhtQOMxgQUFhOI5zuI9a8t5HJnWoUixI9blqBt363bEgVrFkOJI9yh3vUPdxIqC5ihRZSiEvdqFrtQLdmvXKze5aRI12ozdodqjNyoZaGNq5U7XDS+xcFTXLwFFhQWlyKlS7SV8TRdi9NNMTQzF6plu0vRqmD1omZtB63KxeUMIOtBLcohLoq0zNxKl2o7Jd6M1vwkbR+dc54v2fuWdzM7jWfeu8ZwaQ8a4Yrg6adN5raOZozlA4QykGCNa3Nv7skGNYn1mrLiODBHYHUTpyI8qX37Jt+BNyZ1Mb8hXclas52ha9jKQROU7E6UfasZx4gADoOv5daZ4ewzfGCI2mN4A9N6UY+3cVufrH9qqgB0RgxAkAkqRGoqH6IfL51LcfSZJJM6aH3qCP8AV86QFwuYQMIYys6eVE4fC5rWRs7MjFwUZLfhMaXHYE5QYiAd+VZo/h2DJylmZFY5QwIE9dTy25ijJ8o0DcXYPeY5ADs3wnUHWCPi9TVfbhq3e8kkEPofYbjnTy6sM3QkkSSSZO8kAmfMUDgt7n+r/wBRWf1RR1Y1/jz/AChXg7V2w5IUaZspjfMpXQ8tCT7U87PYS9dbKbYyjaNvzrOUkgb6j/mug8CwapbHXnU8RPQqRhjhqN+HcKt2hIUZqIxF2BUt5wB6Ul41jVVZYwAK8qbs7YxKr2v453QAJJJOgqXsviHyS3OqjevnE4ku2iqYUfvVzwloZRFRFUase2sbWz4sUrVo5UZg1ncVaJewQqk60NilI1FG3LgA3Apfdxq1dCTIbGLgxTOzdlarOOuA6qaI4dxHSDvtWa2ZQ7czQV54NTq8gUFiZmiQ0F4a4DU11qXWWgVKbpNTQEiGmNpwBSO/iQupoS1xMuYExVJpCLO+L6VsmJjzpRh1J51JctsKe4qQ1OKmpLeI86SK3nUb4gjnRqDSWMYzzqS3fDVUbnEYB1orhPE83Op1icAbtRhVUFgRMyaroUMOTDl++tXfjODW6h5SN65vfF5XhSAq7+YnlXq8LltUcWaNMYEgDmBtpy86gNpGX4jrrmnf3oLErdaWtiBsYOrftWMBg3thWzEA/GrcvMRXVZia4jg86rEdBz9fOhf4d/8Azf50/TQwIipp/wAinSA2J/w1stwjnGnQH5ZgYqW33bGD4PzHv0qW9gY2dSPWk6ezAEZyWdiAJYkRQuD0a5/r/YUWFqCzbIa5ofj/AGFYzaWWKOvG/wDHn+UTKat/AOIjLBOtU+pLN0qdKM+PWrRz45Uy7YvF7nkK5z204k90ZQ0KN/OrZeM28x6a1Q+M2wW8BjyPrXhzu9z08dEfZywSdN66DgbECDVN4IhQg1crF4sNauPQUupLctsPhy+9Lcb9M+x3fzNO7ds9Kkaw1FjKPc4fxFjLXUX/AEif1qI8LvLOfEXvZ1A+WWrw+HJ5UBjeEO22lNNjpFOti4jCLzMN/GAZ8pAFWPh+GzR89K0PZAtqznyphwnhb2jq+aPWn1B0hrhrAAisPZ5AUVbtk7afpUiIwPlTUSHIVfQjExQt5CBVjvtpB0HKkvElIEAT50NAmV7HajxERUnDbiDbX0pPj17y5lZdJ5z71KvZy2RHdgHqCVPrINSki2mXDD31Om1ElZFUFuF4yxrbuG4v3WJJ9m3o/AcfvKIvWnTzjMPmKrUTpY+uCDvQWMOlafTFuag16+NKi7AR8WxPdoSaz2ZxpOsyOtRdqFm0ai7FoO5UjUTqOlKS2GjpmFuZlg86rXHuHqhzCP39jTfB3IAiiOMWQ1skLmIG3OtuHnpaMcsLOe3VVBAPnExUKYkMMvXfXX2nlXsRg5Mm3Op0JOnlXrXC4IKtlEyANfWa9pO6Z5/Rh6YcCI0AqeRWh3raqA0JrwNYmtlUkwNTQBlT50ThMSyvcUMAC+siRqorA4dd+4d6Kw1o97cBSVLbxt4RXHla50fwzpx/6ZL7okQoQc+ViNgJE+9bYOyruMqRrzo5MJh01J1PkT+Qonh+QnwfpFLNOo7GcI7k2LwvhgaaVWMXwtZJI1q7FRGtLcdZBFebKN7nbF0VjD4MDlTKw4EUNiEIOn61hFJ+1Ul0NlxnSpBjY3NJyjbBq1OHbctSaY00WbD4sHnRRFVbg95GYqrAldx0NWZbuUa61STFKROtr5VqwWaiF7Sq/wAb4i4nIYNWjN2WoXbaDetP4ra9a5Nje1DWyBduTI1jSPesJ2kUDRwJ6sK0VvoS1XVnWRjkfpFa3AK5Nh+2YB0aferlwPtALxCgGedTIa2G+LwaN9nWhlsgU1uAxHOgbiVg0ap2QAxXmI2NYuN4hWb450JlMgu2lP2RS/H3gogUTdvwN6QcVxJYUyBHx/HEgipewuK0ZdtQf1mknEzLayddqacDRlIIETz8qmT9DQ6Fh7uu9M+909qqmGxQDUTieIdN61xQcnSMZzUeoJxADvGoYKBWzNJk86wa9yCaikzzm7bZ6K9WGJ5Coe9b7v51QiezZLGANacYLAsvT3qTCLkHhE+db3b7+9Yyk2UkSDONWcj0AAoLGWT3j+IjUfoKKXUSSJ/SicfCXG1AJ1rkmnzofhmsZfwaFtmwAJgtTHg+aZIA9BFCNjl219hvTnhWHCqbjnKCJ19QP1I+dXm+WhQ2YW96BqaGe4p2g0Vi0oQIZ+H5VwdDrQFisHO1KcRauLMRVgfTL4tWmBzOUAtp5Aio7qmJI0kCeWutS1uaJiDDsc3iP5UbetArEnUVHjsLDkTJBgx100/MfOsAP4gRlyKWIaVMDU6Hy1oVkySK9Yy4S/ohhzq5Jj3q4DGEiQZBpHfdW3gz1qA57Sd4WHd5skfaBiYjpFNMGh7cxZFJOKYgzMD3P60Ld40NhI899KYYXgF29cZWaFXL4hqrZ1DrHqpBq0Q3ucz7TWGJLd3p1G3ypDg+HX7ulq07egMfOvoDhXZCyiNnAdzMFtco8hRycJRFyKAoHQRWiZMtz58wHCLpMtbcQYPhMA+tdY7J2ggEaaU5x2GgZVAHly/3pTZItnKdfQUmP7FwOJEamg8diNNNKSPxBYkHakuI7RC4TbstL9d4rB7lofnGazrUzYvMN9KS4FriD6xy0+Q09DypjAI/OpL6mb8FdKUYuzyoy6eh9uYryWWbf86VhRVcRw5pkEz/AJyppgMMQupJp0OHc69ctgKYMGmo2xSewrs7nrUuWtEUjfWpJr2sEEoLY86cm2ZrE1mawa3IM1itC1e72gCyIpIElY9SB70Ob6np7An9ayMKvxM4j/NhUd0gdY8xWCSKMXcTBEDXT+21M+1ltu/QDSVHkNzSG73gCnuzlMagFiCdQCANDHKjuHYVx4yBIMFZzEebhZy8tNTrtXNkz4o1JyQ03uWDh/AwEZt3KMBIDQSND13/AM1ofilxiJZGWLN2JAUib2FUTBMFirEDeKm7L8ba9de0yqMqK4IMnVmQgjyIEHzp3xG2rrkcSpI0/wBJDD8wDWc7TpmmNxnFSiC4hvbUgeZ3pfiL7iMiS07kwqjmTzJAmB13o2/h0Lq51ZQwGu2eMxA6nKBPStWtDz/zeudnUlsJrz5RZGVywe8FBZdQEtgu7bbRt1rfEhsrM0BEGZV8IAbX6247suw2EwJO5NMnwqlg0agMB6NlzR65F+VRXbHQkeY3HoaF1Fp2oXYW4GNy4nim85DDYxCyCDtA3FLMXYKBhntr/wDqstu0GZ3yl2zMc3iJLE67bRzpwtpkESzakyzM7EnmS3/FC4rDl9CzhdPCHYJoSwlRodSTSHp2Qpwzd2txTmyssEKFYyDKxm0B3HvUGPxA+jjKrKRiB8TAsfqn+7t050zvYczAlvL+9T4PgwJDXTMGcvKdtfY/nSobW9kHDsFeu2LakYjJDBkTJaV1zDLnuGGKgDbzq0cN/wCrdUWyFm3mMrCsLFqEUDU6RrWwvQIiBWtsr4hHxkl/6pUKfaFA9q0i62M3HexgqA7QRyI10qG7b36R861w5VVCoAqqIVQAAANgByrN24OlaxZLQkxyAx+dIOI2RqKsmLM7GkOLUUS7ArRQuIWb2fJmhZ0jpVh4RgLaKCAM3Xr71FjcNmuDUmPkKecOwo0rkldnSt0a27LNpH9qItcJPpTO1YIqWD1peoxaOH5d6ytocjRdwkbmaV4nUyC1MCdmjc0FfUsfCM3pW5VspmSKxwyxcJzLt6TWmKDkzHJOkC3cFdGpttHWKFueenrNWj6ReH3W9NP1qdbzMPGgI8wDXrRnpVHE1ZTkJ51u1Wa7wy2f+3B/pJob+GWtjmU+v96ayonSIR6Vvp5U9/gKHa5+VafwAf8AkHyquYgpiBuPGdLYHoxqUYu6bLXlt95lzFlBYtlGmYLHiAO5GwINJKkw5zMllmYW7lxM6qGaQCGPgQEkeEDprXg4+Imr1NmUHbo6BafKqAoAhtpmcE5sxyKEyjWCCdeUVvic4wrsyJauZCMqmVUk5BDAa+E79aVcY4zYtOGuPibJI8Jy92rAa+FbsAkeQnSijjMO+GcLcuDMmcG8twE6hgZZYgkAaaa15CjOThqjScl6dmd8q0PS96NOG4S9ZY4rCIzo9tbbWrphhkZjmtbZl3nry2qC923une0n/wBqzw3tjas2+5Y5nUyqoGeVYFhqBAIaQQSNCD5VW8ZiTcuPcIguxYjpJ0Gm+nOvc416ZWmcalWONbFi/mi/BbuQAACScw0JCgidxJA06isp2rvkEiypABYnxbCASOsSJjaaTYjF5rMFxmIW3kjUKtzvJnflvt71KvEQbTM7DvArIqnYhxbBOUzJhfLauT+w9b7h69sLswLSeWp/Spn7U3wwQ2FzGCBrJnUVW8JiQkyoYHLzjVWDAgj3HvRGMxyvdz5V1VBBmFIAkwDrBNJStXqBZJdxvie0V4EB7IWRIGuokidNxII9jUB4/cyhu5XKSVBk6kQSPWCDS/GYlVuqbRQ5fFmUEaksSs7RrMDbP61LjMcFRVtMPj7xsoKwQtvLPnMjUn4fOnfX+QcyXuC07QXAuYWVgHKTJ0JEiRuNKlsdprpBIsqQBJMnQExMUvxmNXuiqsM1wqzqoIjRi0nqGPMnfasXuJlkJJSYZMjBjo2Q5lG32dtANetH9g5ku4y/mu621pT5DN/asXe015TlNlQYBiTMESD7jWlXDOId0GGWc2XyiCD0rzY4G93wbIQtsjKpYZhbUEaEQAZG9Cdr5g5kq6jNu1V5TBtATrrmGnIwRtUi9qL7D/pCAJJkgQImCd96QcTu23fNbkTAgiIgR8RY5jM61P8AxYm2yMzT3ZUbQdEVQQZIMDlFJSd1qFrfcYN2luMNLQ66Zv7UDc42WI+qBJOgBMnoABuZj51Fh8YltYD3QTM5YCjMjI3hzQxg7kUBhsSUcMmkEFSQCV10bpm/ehzltuGt9ww4oqQxtRmEg5jBEx+ulMcPxx4JFpSFALanQEhdegkgTQfGsQjMq2ypRQTIGssSSJjT/TW2DxwVSMsQh0DP430ADAbgydNqX1VqHzZX8wenad9hbU+QJP6CtrvaS6IzWlGYZhqdRO4PtSrhl/u7gacoMhoBJgkGAJmdBz5VJicSBcRkfPlA1K5QTmJbcagyf8ikt18wc2XcPPaK5lD90MpJAOYwSIJHrrUN3jbmCbIE7fEAfTTWhbuIttbVMgX6xmkFmyqVtiSD8ROo9q3xuMRkUKz5kKlTkyyQmXWW8MaRHvyp1/0PmT7k+J4y4GVrOU9CWU6+RE0Nh+LR8KQeodhS3iuNLPAPhUZV32kkmX1YksaETEEeZI+VHNlF7Mylkk3Vlp/mO5zUH1NZ/me4P+2o96qoxLc/zFe+kNO/6U/iJ92TrfctTdqrh+wvzNYPaq59xfxGqsLrDc/pUlp5mddv0FNcRk6Ww1ssa9pm5Wl+Zrf+Z2/8SfM1XBHWtvf86Odk7hrY4tYC2QT3bmCAQG5EMZ12+GPepsOy2X+ouWlLIWJe4jaAXDA8Qj4G5xpPKhWE6ef/AKlf0ZvnWyuRlhm0HhE6DTpXtS4LF7UbRqLtBvC+GpimD4m6bhYQpzjQMcoCINBJgAjfrVqv4l7J7soz21th2dco7lAIBuJm8R8J+CdtqH7I4INDuS2UAgEkgHMfFGxbxb8o0qynhtrKVyaMyMRJ17vKVB8hlGnlXBxHDYsm0l0OmG25TMLwVcTca7csXbMok5kNtmaSdRHihSJPU+VT3OymHH3/AMX+1Wm81A3az5MKovlxk7aK+ezFj+v8VaHs1Y/r/FT0mtGo5MBrDDsJP5bsf1/irH8t2Oj/AIqbvNZQTU8qF9CuTDsKD2bsf1/iry9m7BP2/wAVNXMV5G50njiHIh2F38r2P6/ZprH8sWP6/wAVOEaf0rN3TnTWKPYXIh2K/c4BYH3vxVA/BLHn+I03xVLn35UnCPYORDsBPwmz0b8RoXE4OyqzlP4jTPENCk9BNVjEY03NNh0prFFhyYdjyZCdLZjl4mpnhOGW2+wfZjUWAs1Y8DbEUcmIcmHYhsdnbR+y/wCI0anZWxzz/ipphjRhEirWGBLww7Cdex2HPN/xVpe7I2F+/wDipzbcipnuSINU8EK6ErFC+hReK4DCWMmfvJuMVUKZkhSx3IA0B3NC21wkgG3iPgLgwCMqsqE5g2UAMwG/OrBxrhnePbYNlNtmYSocHPba2ZB20YkEc6FXsl3oUPe8KqFyi2sFe/t39SSdc9pPaalYcfqDwr0RWuLW7WcCzZuMFVS/eEpHeSbRVpKkMEfnyoGypeSuGk95kADEBiB9YAxjM0tb0Wd/SrqOxcMzDEHVLaZTbAULaz5IAPxAXGE/pS7HcNuWyfrQR3jXNLYXK1wJOXKRp9Wv+GqWDE/QyeCN9Cr2bi5hOHYaqSv1pcqe91VcsEfVXOf2TW1yxc8THDkQA2uecp+FmAlkEMvLnrGlXa12MItKy3gXFoqjPbBP/cy5iDrBuvr/AFGgrfZd7y3mY27Ny4vdBrQLsF7u2pY3GCnMTb5DYLWi4bH2JWGKK5jcMUdlGHLZMttznyAXcocqrNowyuh969wwq6lvo1whi2TI05hblHgMQXhkf4R9k0+Ts2yhu8uKzG53ikoXILWrVtpuO+Yz3YPvUmB7Jm2EIuITbDhGNoFgLj3bhEzqA125Gmk1S4aCd0LlQEZyd1330a/3WUPnjQoyqwaJn4WB9CDTf+BL/wCK58zWf5Wiy1sYhoKLbM20mFs28ONRzyWl16z6Cx/xq51Hyq+RD2ofLgf/2Q==" alt="ë´ê³µë&nbsp;ë&nbsp;ì ëí ì´ë¯¸ì§ ê²ìê²°ê³¼"> <br><p></p><p data-f-id="pbf" style="text-align: center; font-size: 14px; margin-top: 30px; opacity: 0.65; font-family: sans-serif;">Powered by <a href="https://www.froala.com/wysiwyg-editor?pb=1" title="Froala Editor">Froala Editor</a></p>', 'undefined', 72, '2019-08-14 11:04:42', 72, '2019-08-14 11:04:42', 0, 0, 0, NULL, NULL),
	(1172, 935, 1, NULL, '파이썬', '<p>1. 문제가 생긴 부분에 대한 요약</p><p>2. 문제 해결을 위해 당신이 시도한 것 들에 대한 설명</p><p>3. 시도한 코드를 작성하십시오.</p><p>4. 오류 메시지를 포함하여 예상 결과 및 실제 결과 설명</p><p>```</p><p>for i in range(10):</p><p>&nbsp; print(i)</p><p>```</p><p data-f-id="pbf" style="text-align: center; font-size: 14px; margin-top: 30px; opacity: 0.65; font-family: sans-serif;">Powered by <a href="https://www.froala.com/wysiwyg-editor?pb=1" title="Froala Editor">Froala Editor</a></p>', 'undefined', 84, '2019-08-14 11:06:11', 84, '2019-08-14 11:06:11', 0, 0, 0, NULL, NULL),
	(1173, 936, 1, NULL, 'undefined', '<p>답변이요</p><p data-f-id="pbf" style="text-align: center; font-size: 14px; margin-top: 30px; opacity: 0.65; font-family: sans-serif;">Powered by <a href="https://www.froala.com/wysiwyg-editor?pb=1" title="Froala Editor">Froala Editor</a></p>', 'undefined', 82, '2019-08-14 11:06:44', 82, '2019-08-14 11:06:44', 0, 0, 0, NULL, NULL),
	(1174, 937, 1, NULL, '안녕하세욥 aa입니다.', '<p>ㅎㅎㅎ</p><p data-f-id="pbf" style="text-align: center; font-size: 14px; margin-top: 30px; opacity: 0.65; font-family: sans-serif;">Powered by <a href="https://www.froala.com/wysiwyg-editor?pb=1" title="Froala Editor">Froala Editor</a></p>', 'undefined', 86, '2019-08-14 11:07:52', 86, '2019-08-14 11:07:52', 0, 0, 0, NULL, NULL),
	(1175, 938, 1, NULL, '<h1>제목제목</h1>', 'ㅁㄴㅇㅁㄴㅇ', '', 82, '2019-08-14 11:09:20', 82, '2019-08-14 11:09:20', 0, 0, 0, NULL, NULL),
	(1176, 939, 1, NULL, '<p style="font-size:1000px">헤헤</p>', '헤헤', '', 70, '2019-08-14 11:09:34', 70, '2019-08-14 11:10:18', 0, 0, 0, NULL, NULL),
	(1177, 937, 2, 1174, '안녕하세욥 aa입니다.', '<p>ㅎㅎㅎgg</p><p data-f-id="pbf" style="text-align: center; font-size: 14px; margin-top: 30px; opacity: 0.65; font-family: sans-serif;">Powered by <a href="https://www.froala.com/wysiwyg-editor?pb=1" title="Froala Editor">Froala Editor</a></p>', 'undefined', 82, '2019-08-14 11:13:04', 82, '2019-08-14 11:13:04', 0, 0, 0, NULL, NULL),
	(1178, 940, 1, NULL, 'undefined', '<p>이름뭥밍?</p><p data-f-id="pbf" style="text-align: center; font-size: 14px; margin-top: 30px; opacity: 0.65; font-family: sans-serif;">Powered by <a href="https://www.froala.com/wysiwyg-editor?pb=1" title="Froala Editor">Froala Editor</a></p>', 'undefined', 66, '2019-08-14 11:17:59', 66, '2019-08-14 11:17:59', 0, 0, 0, NULL, NULL),
	(1179, 941, 1, NULL, 'undefined', '<p>&lt;h1&gt;test&lt;/h1&gt;</p><p data-f-id="pbf" style="text-align: center; font-size: 14px; margin-top: 30px; opacity: 0.65; font-family: sans-serif;">Powered by <a href="https://www.froala.com/wysiwyg-editor?pb=1" title="Froala Editor">Froala Editor</a></p>', 'undefined', 70, '2019-08-14 11:38:45', 70, '2019-08-14 11:38:46', 0, 0, 0, NULL, NULL);
/*!40000 ALTER TABLE `content` ENABLE KEYS */;

-- 테이블 craq.follow 구조 내보내기
CREATE TABLE IF NOT EXISTS `follow` (
  `fromUser` int(11) NOT NULL,
  `toUser` int(11) NOT NULL,
  `createdUser` int(11) DEFAULT NULL,
  `created_at` timestamp NULL DEFAULT current_timestamp(),
  `updatedUser` int(11) DEFAULT NULL,
  `updated_at` timestamp NULL DEFAULT current_timestamp(),
  `is_public` tinyint(4) DEFAULT NULL,
  `is_active` tinyint(4) DEFAULT NULL,
  `is_removed` tinyint(4) DEFAULT NULL,
  `ip_address` text DEFAULT NULL,
  `info` text DEFAULT NULL,
  PRIMARY KEY (`fromUser`,`toUser`)
) ENGINE=InnoDB DEFAULT CHARSET=utf8;

-- 테이블 데이터 craq.follow:~14 rows (대략적) 내보내기
DELETE FROM `follow`;
/*!40000 ALTER TABLE `follow` DISABLE KEYS */;
INSERT INTO `follow` (`fromUser`, `toUser`, `createdUser`, `created_at`, `updatedUser`, `updated_at`, `is_public`, `is_active`, `is_removed`, `ip_address`, `info`) VALUES
	(65, 66, NULL, '2019-08-14 10:17:59', NULL, '2019-08-14 10:17:59', NULL, NULL, NULL, NULL, NULL),
	(67, 62, NULL, '2019-08-14 09:26:11', NULL, '2019-08-14 09:26:11', NULL, NULL, NULL, NULL, NULL),
	(67, 66, NULL, '2019-08-14 09:24:27', NULL, '2019-08-14 09:24:27', NULL, NULL, NULL, NULL, NULL),
	(68, 62, NULL, '2019-08-14 09:35:21', NULL, '2019-08-14 09:35:21', NULL, NULL, NULL, NULL, NULL),
	(68, 66, NULL, '2019-08-14 09:35:25', NULL, '2019-08-14 09:35:25', NULL, NULL, NULL, NULL, NULL),
	(68, 67, NULL, '2019-08-14 09:35:23', NULL, '2019-08-14 09:35:23', NULL, NULL, NULL, NULL, NULL),
	(72, 66, NULL, '2019-08-14 11:15:53', NULL, '2019-08-14 11:15:53', NULL, NULL, NULL, NULL, NULL),
	(76, 62, NULL, '2019-08-14 10:59:08', NULL, '2019-08-14 10:59:08', NULL, NULL, NULL, NULL, NULL),
	(76, 66, NULL, '2019-08-14 11:10:18', NULL, '2019-08-14 11:10:18', NULL, NULL, NULL, NULL, NULL),
	(76, 67, NULL, '2019-08-14 11:10:12', NULL, '2019-08-14 11:10:12', NULL, NULL, NULL, NULL, NULL),
	(78, 67, NULL, '2019-08-14 11:10:27', NULL, '2019-08-14 11:10:27', NULL, NULL, NULL, NULL, NULL),
	(79, 62, NULL, '2019-08-14 10:55:38', NULL, '2019-08-14 10:55:38', NULL, NULL, NULL, NULL, NULL),
	(81, 62, NULL, '2019-08-14 10:59:55', NULL, '2019-08-14 10:59:55', NULL, NULL, NULL, NULL, NULL),
	(82, 66, NULL, '2019-08-14 10:58:58', NULL, '2019-08-14 10:58:58', NULL, NULL, NULL, NULL, NULL);
/*!40000 ALTER TABLE `follow` ENABLE KEYS */;

-- 테이블 craq.hashtag 구조 내보내기
CREATE TABLE IF NOT EXISTS `hashtag` (
  `Content` int(11) NOT NULL,
  `Hashtag` int(11) NOT NULL,
  `createdUser` int(11) DEFAULT NULL,
  `created_at` timestamp NULL DEFAULT current_timestamp(),
  `updatedUser` int(11) DEFAULT NULL,
  `updated_at` timestamp NOT NULL DEFAULT current_timestamp() ON UPDATE current_timestamp(),
  `is_public` tinyint(4) DEFAULT 0,
  `is_active` tinyint(4) DEFAULT 0,
  `is_removed` tinyint(4) DEFAULT 0,
  `ip_address` text DEFAULT NULL,
  `info` text DEFAULT NULL,
  PRIMARY KEY (`Content`,`Hashtag`)
) ENGINE=InnoDB DEFAULT CHARSET=utf8 COMMENT='1. content의 pk와 tag의 pk를 참조하여 생성\r\n2. 해시태그는 글 작성시 추가 또는 삭제만 할 것이기 때문에 수정기능 없음';

-- 테이블 데이터 craq.hashtag:~64 rows (대략적) 내보내기
DELETE FROM `hashtag`;
/*!40000 ALTER TABLE `hashtag` DISABLE KEYS */;
INSERT INTO `hashtag` (`Content`, `Hashtag`, `createdUser`, `created_at`, `updatedUser`, `updated_at`, `is_public`, `is_active`, `is_removed`, `ip_address`, `info`) VALUES
	(1086, 338, 64, '2019-08-14 09:13:25', 64, '2019-08-14 09:13:25', 0, 0, 0, NULL, NULL),
	(1086, 339, 64, '2019-08-14 09:13:25', 64, '2019-08-14 09:13:25', 0, 0, 0, NULL, NULL),
	(1086, 340, 64, '2019-08-14 09:13:25', 64, '2019-08-14 09:13:25', 0, 0, 0, NULL, NULL),
	(1089, 344, 64, '2019-08-14 09:18:07', 64, '2019-08-14 09:18:07', 0, 0, 0, NULL, NULL),
	(1089, 345, 64, '2019-08-14 09:18:07', 64, '2019-08-14 09:18:07', 0, 0, 0, NULL, NULL),
	(1091, 341, 64, '2019-08-14 09:19:21', 64, '2019-08-14 09:19:21', 0, 0, 0, NULL, NULL),
	(1091, 346, 64, '2019-08-14 09:19:21', 64, '2019-08-14 09:19:21', 0, 0, 0, NULL, NULL),
	(1093, 340, 51, '2019-08-14 09:19:38', 51, '2019-08-14 09:19:38', 0, 0, 0, NULL, NULL),
	(1093, 347, 51, '2019-08-14 09:19:38', 51, '2019-08-14 09:19:38', 0, 0, 0, NULL, NULL),
	(1093, 348, 51, '2019-08-14 09:19:38', 51, '2019-08-14 09:19:38', 0, 0, 0, NULL, NULL),
	(1096, 352, 64, '2019-08-14 09:21:01', 64, '2019-08-14 09:21:01', 0, 0, 0, NULL, NULL),
	(1098, 349, 62, '2019-08-14 09:22:22', 62, '2019-08-14 09:22:22', 0, 0, 0, NULL, NULL),
	(1098, 353, 62, '2019-08-14 09:22:22', 62, '2019-08-14 09:22:22', 0, 0, 0, NULL, NULL),
	(1098, 354, 62, '2019-08-14 09:22:22', 62, '2019-08-14 09:22:22', 0, 0, 0, NULL, NULL),
	(1099, 338, 64, '2019-08-14 09:22:34', 64, '2019-08-14 09:22:34', 0, 0, 0, NULL, NULL),
	(1099, 340, 64, '2019-08-14 09:22:34', 64, '2019-08-14 09:22:34', 0, 0, 0, NULL, NULL),
	(1099, 355, 64, '2019-08-14 09:22:34', 64, '2019-08-14 09:22:34', 0, 0, 0, NULL, NULL),
	(1102, 346, 64, '2019-08-14 09:23:42', 64, '2019-08-14 09:23:42', 0, 0, 0, NULL, NULL),
	(1103, 344, 64, '2019-08-14 09:24:31', 64, '2019-08-14 09:24:31', 0, 0, 0, NULL, NULL),
	(1103, 356, 64, '2019-08-14 09:24:31', 64, '2019-08-14 09:24:31', 0, 0, 0, NULL, NULL),
	(1103, 357, 64, '2019-08-14 09:24:31', 64, '2019-08-14 09:24:31', 0, 0, 0, NULL, NULL),
	(1105, 341, 64, '2019-08-14 09:25:35', 64, '2019-08-14 09:25:35', 0, 0, 0, NULL, NULL),
	(1107, 346, 64, '2019-08-14 09:27:24', 64, '2019-08-14 09:27:24', 0, 0, 0, NULL, NULL),
	(1109, 341, 66, '2019-08-14 09:28:39', 66, '2019-08-14 09:28:39', 0, 0, 0, NULL, NULL),
	(1109, 359, 66, '2019-08-14 09:28:39', 66, '2019-08-14 09:28:39', 0, 0, 0, NULL, NULL),
	(1110, 360, 64, '2019-08-14 09:28:52', 64, '2019-08-14 09:28:52', 0, 0, 0, NULL, NULL),
	(1114, 341, 68, '2019-08-14 09:37:49', 68, '2019-08-14 09:37:49', 0, 0, 0, NULL, NULL),
	(1114, 342, 68, '2019-08-14 09:37:49', 68, '2019-08-14 09:37:49', 0, 0, 0, NULL, NULL),
	(1114, 344, 68, '2019-08-14 09:37:49', 68, '2019-08-14 09:37:49', 0, 0, 0, NULL, NULL),
	(1114, 352, 68, '2019-08-14 09:37:49', 68, '2019-08-14 09:37:49', 0, 0, 0, NULL, NULL),
	(1114, 361, 68, '2019-08-14 09:37:49', 68, '2019-08-14 09:37:49', 0, 0, 0, NULL, NULL),
	(1119, 363, 62, '2019-08-14 09:46:16', 62, '2019-08-14 09:46:16', 0, 0, 0, NULL, NULL),
	(1120, 341, 67, '2019-08-14 09:47:17', 67, '2019-08-14 09:47:17', 0, 0, 0, NULL, NULL),
	(1124, 364, 66, '2019-08-14 09:53:54', 66, '2019-08-14 09:53:54', 0, 0, 0, NULL, NULL),
	(1124, 365, 66, '2019-08-14 09:53:54', 66, '2019-08-14 09:53:54', 0, 0, 0, NULL, NULL),
	(1124, 366, 66, '2019-08-14 09:53:54', 66, '2019-08-14 09:53:54', 0, 0, 0, NULL, NULL),
	(1125, 339, 66, '2019-08-14 09:54:56', 66, '2019-08-14 09:54:56', 0, 0, 0, NULL, NULL),
	(1125, 340, 66, '2019-08-14 09:54:56', 66, '2019-08-14 09:54:56', 0, 0, 0, NULL, NULL),
	(1130, 374, 50, '2019-08-14 10:00:53', 50, '2019-08-14 10:00:53', 0, 0, 0, NULL, NULL),
	(1131, 341, 66, '2019-08-14 10:03:50', 66, '2019-08-14 10:03:50', 0, 0, 0, NULL, NULL),
	(1131, 352, 66, '2019-08-14 10:03:50', 66, '2019-08-14 10:03:50', 0, 0, 0, NULL, NULL),
	(1131, 367, 66, '2019-08-14 10:03:50', 66, '2019-08-14 10:03:50', 0, 0, 0, NULL, NULL),
	(1131, 370, 66, '2019-08-14 10:03:50', 66, '2019-08-14 10:03:50', 0, 0, 0, NULL, NULL),
	(1131, 376, 66, '2019-08-14 10:03:50', 66, '2019-08-14 10:03:50', 0, 0, 0, NULL, NULL),
	(1133, 341, 67, '2019-08-14 10:18:21', 67, '2019-08-14 10:18:21', 0, 0, 0, NULL, NULL),
	(1133, 352, 67, '2019-08-14 10:18:21', 67, '2019-08-14 10:18:21', 0, 0, 0, NULL, NULL),
	(1133, 367, 67, '2019-08-14 10:18:21', 67, '2019-08-14 10:18:21', 0, 0, 0, NULL, NULL),
	(1133, 370, 67, '2019-08-14 10:18:21', 67, '2019-08-14 10:18:21', 0, 0, 0, NULL, NULL),
	(1133, 376, 67, '2019-08-14 10:18:21', 67, '2019-08-14 10:18:21', 0, 0, 0, NULL, NULL),
	(1147, 378, 70, '2019-08-14 10:51:50', 70, '2019-08-14 10:51:50', 0, 0, 0, NULL, NULL),
	(1150, 341, 74, '2019-08-14 10:54:21', 74, '2019-08-14 10:54:21', 0, 0, 0, NULL, NULL),
	(1162, 341, 72, '2019-08-14 11:01:20', 72, '2019-08-14 11:01:20', 0, 0, 0, NULL, NULL),
	(1162, 352, 72, '2019-08-14 11:01:20', 72, '2019-08-14 11:01:20', 0, 0, 0, NULL, NULL),
	(1165, 341, 66, '2019-08-14 11:02:02', 66, '2019-08-14 11:02:02', 0, 0, 0, NULL, NULL),
	(1165, 352, 66, '2019-08-14 11:02:02', 66, '2019-08-14 11:02:02', 0, 0, 0, NULL, NULL),
	(1167, 401, 78, '2019-08-14 11:02:54', 78, '2019-08-14 11:02:54', 0, 0, 0, NULL, NULL),
	(1168, 341, 72, '2019-08-14 11:03:46', 72, '2019-08-14 11:03:46', 0, 0, 0, NULL, NULL),
	(1168, 352, 72, '2019-08-14 11:03:46', 72, '2019-08-14 11:03:46', 0, 0, 0, NULL, NULL),
	(1169, 341, 72, '2019-08-14 11:03:46', 72, '2019-08-14 11:03:46', 0, 0, 0, NULL, NULL),
	(1169, 352, 72, '2019-08-14 11:03:46', 72, '2019-08-14 11:03:46', 0, 0, 0, NULL, NULL),
	(1170, 341, 79, '2019-08-14 11:03:54', 79, '2019-08-14 11:03:54', 0, 0, 0, NULL, NULL),
	(1172, 345, 84, '2019-08-14 11:06:11', 84, '2019-08-14 11:06:11', 0, 0, 0, NULL, NULL),
	(1174, 360, 86, '2019-08-14 11:07:52', 86, '2019-08-14 11:07:52', 0, 0, 0, NULL, NULL),
	(1177, 360, 82, '2019-08-14 11:13:04', 82, '2019-08-14 11:13:04', 0, 0, 0, NULL, NULL);
/*!40000 ALTER TABLE `hashtag` ENABLE KEYS */;

-- 테이블 craq.manager 구조 내보내기
CREATE TABLE IF NOT EXISTS `manager` (
  `Topic` int(11) NOT NULL,
  `User` int(11) NOT NULL,
  `first` tinyint(4) DEFAULT NULL,
  `createdUser` int(11) DEFAULT NULL,
  `created_at` timestamp NULL DEFAULT current_timestamp(),
  `updatedUser` int(11) DEFAULT NULL,
  `updated_at` timestamp NOT NULL DEFAULT current_timestamp() ON UPDATE current_timestamp(),
  `is_public` tinyint(4) DEFAULT 0,
  `is_active` tinyint(4) DEFAULT 0,
  `is_removed` tinyint(4) DEFAULT 0,
  `ip_address` text DEFAULT NULL,
  `info` text DEFAULT NULL,
  PRIMARY KEY (`Topic`,`User`)
) ENGINE=InnoDB DEFAULT CHARSET=utf8;

-- 테이블 데이터 craq.manager:~14 rows (대략적) 내보내기
DELETE FROM `manager`;
/*!40000 ALTER TABLE `manager` DISABLE KEYS */;
INSERT INTO `manager` (`Topic`, `User`, `first`, `createdUser`, `created_at`, `updatedUser`, `updated_at`, `is_public`, `is_active`, `is_removed`, `ip_address`, `info`) VALUES
	(2, 62, NULL, NULL, '2019-08-14 09:39:34', NULL, '2019-08-14 09:39:34', 0, 0, 0, NULL, NULL),
	(2, 64, NULL, NULL, '2019-08-14 09:38:49', NULL, '2019-08-14 09:38:49', 0, 0, 0, NULL, NULL),
	(2, 65, NULL, NULL, '2019-08-14 09:38:52', NULL, '2019-08-14 09:38:52', 0, 0, 0, NULL, NULL),
	(2, 66, NULL, NULL, '2019-08-14 09:38:54', NULL, '2019-08-14 09:38:54', 0, 0, 0, NULL, NULL),
	(2, 67, NULL, NULL, '2019-08-14 09:38:57', NULL, '2019-08-14 09:38:57', 0, 0, 0, NULL, NULL),
	(2, 68, NULL, NULL, '2019-08-14 09:39:17', NULL, '2019-08-14 09:39:17', 0, 0, 0, NULL, NULL),
	(43, 65, 1, NULL, '2019-08-14 09:12:15', NULL, '2019-08-14 10:17:35', 0, 0, 0, NULL, NULL),
	(44, 65, 1, NULL, '2019-08-14 09:12:18', NULL, '2019-08-14 10:17:39', 0, 0, 0, NULL, NULL),
	(45, 65, 1, NULL, '2019-08-14 09:12:20', NULL, '2019-08-14 10:17:40', 0, 0, 0, NULL, NULL),
	(46, 65, 1, NULL, '2019-08-14 09:12:23', NULL, '2019-08-14 10:17:41', 0, 0, 0, NULL, NULL),
	(47, 65, 1, NULL, '2019-08-14 09:12:25', NULL, '2019-08-14 10:17:42', 0, 0, 0, NULL, NULL),
	(48, 65, NULL, NULL, '2019-08-14 11:15:45', NULL, '2019-08-14 11:15:45', 0, 0, 0, NULL, NULL),
	(48, 67, 1, NULL, '2019-08-14 10:22:02', NULL, '2019-08-14 10:22:02', 0, 0, 0, NULL, NULL),
	(49, 72, 1, NULL, '2019-08-14 10:54:10', NULL, '2019-08-14 10:54:10', 0, 0, 0, NULL, NULL);
/*!40000 ALTER TABLE `manager` ENABLE KEYS */;

-- 테이블 craq.notice 구조 내보내기
CREATE TABLE IF NOT EXISTS `notice` (
  `pk` int(11) NOT NULL AUTO_INCREMENT,
  `User` int(11) NOT NULL,
  `Type` int(11) NOT NULL,
  `body` text DEFAULT NULL,
  `createdUser` int(11) DEFAULT NULL,
  `created_at` timestamp NULL DEFAULT current_timestamp(),
  `updatedUser` int(11) DEFAULT NULL,
  `updated_at` timestamp NOT NULL DEFAULT current_timestamp() ON UPDATE current_timestamp(),
  `is_public` tinyint(4) DEFAULT 0,
  `is_active` tinyint(4) DEFAULT 0,
  `is_removed` tinyint(4) DEFAULT 0,
  `ip_address` text DEFAULT NULL,
  `info` text DEFAULT NULL,
  PRIMARY KEY (`pk`)
) ENGINE=InnoDB AUTO_INCREMENT=687 DEFAULT CHARSET=utf8 COMMENT='알림이 뜬 위치를 article, content, comment가 알려줌\r\n알림의 종류에 따라 각 컬럼에 값이 없을 수도 있음 \r\nex) 답변에 관한 알림일 경우 comment가 0일수 있음';

-- 테이블 데이터 craq.notice:~71 rows (대략적) 내보내기
DELETE FROM `notice`;
/*!40000 ALTER TABLE `notice` DISABLE KEYS */;
INSERT INTO `notice` (`pk`, `User`, `Type`, `body`, `createdUser`, `created_at`, `updatedUser`, `updated_at`, `is_public`, `is_active`, `is_removed`, `ip_address`, `info`) VALUES
	(610, 64, 1, '파이썬 딕셔너리 출력 글에 답변이 달렸습니다', NULL, '2019-08-14 09:20:07', NULL, '2019-08-14 10:57:01', 0, 1, 0, NULL, '{"question_pk":861, "question_content":1089, "answer_pk":866, "answer_content":1094}'),
	(611, 64, 1, '자바 코딩 질문좀 드립니다. 글에 답변이 달렸습니다', NULL, '2019-08-14 09:22:51', NULL, '2019-08-14 09:22:51', 0, 0, 0, NULL, '{"question_pk":858, "question_content":1086, "answer_pk":872, "answer_content":1100}'),
	(612, 62, 1, '자바 코딩 질문좀 드립니다. 글에 답변이 달렸습니다', NULL, '2019-08-14 09:22:51', NULL, '2019-08-14 09:37:08', 0, 1, 0, NULL, '{"question_pk":858, "question_content":1086, "answer_pk":872, "answer_content":1100}'),
	(613, 64, 1, '자바로 {1,2,3,4,5,6,7,8,9,0}중에 3,7을 제외한 숫자 랜덤 뽑기 글에 답변이 달렸습니다', NULL, '2019-08-14 09:23:25', NULL, '2019-08-14 09:23:25', 0, 0, 0, NULL, '{"question_pk":871, "question_content":1099, "answer_pk":873, "answer_content":1101}'),
	(614, 64, 1, '엑셀파일 파이썬으로 자료 받는 법 글에 답변이 달렸습니다', NULL, '2019-08-14 09:25:14', NULL, '2019-08-14 09:25:14', 0, 0, 0, NULL, '{"question_pk":875, "question_content":1103, "answer_pk":876, "answer_content":1104}'),
	(615, 64, 2, '"c언어 다항식 재질.. " 에 댓글이 달렸습니다', NULL, '2019-08-14 09:27:55', NULL, '2019-08-14 09:27:55', 0, 0, 0, NULL, '{"question_pk":877, "comment_pk":303}'),
	(616, 62, 1, 'vue 배포후 간단한 수정은 어떤 방식으로 하시나요? 글에 답변이 달렸습니다', NULL, '2019-08-14 09:28:32', NULL, '2019-08-14 10:08:51', 0, 1, 0, NULL, '{"question_pk":870, "question_content":1098, "answer_pk":879, "answer_content":1108}'),
	(617, 64, 1, 'C++ 버퍼를 콘솔에 적용시키는데, 무한반복이 발생합니다 글에 답변이 달렸습니다', NULL, '2019-08-14 09:29:38', NULL, '2019-08-14 09:29:38', 0, 0, 0, NULL, '{"question_pk":868, "question_content":1096, "answer_pk":881, "answer_content":1111}'),
	(618, 64, 1, 'c언어 다항식 재질문합니다 글에 답변이 달렸습니다', NULL, '2019-08-14 09:29:50', NULL, '2019-08-14 09:29:50', 0, 0, 0, NULL, '{"question_pk":877, "question_content":1105, "answer_pk":882, "answer_content":1112}'),
	(619, 64, 2, '"node.js에서 .. " 에 댓글이 달렸습니다', NULL, '2019-08-14 09:30:32', NULL, '2019-08-14 09:30:32', 0, 0, 0, NULL, '{"question_pk":880, "comment_pk":306}'),
	(620, 51, 2, '"undefined.. " 에 댓글이 달렸습니다', NULL, '2019-08-14 09:31:04', NULL, '2019-08-14 09:31:04', 0, 0, 0, NULL, '{"question_pk":858, "comment_pk":308}'),
	(621, 64, 1, '엑셀파일 파이썬으로 자료 받는 법 글에 답변이 달렸습니다', NULL, '2019-08-14 09:32:27', NULL, '2019-08-14 09:32:27', 0, 0, 0, NULL, '{"question_pk":875, "question_content":1103, "answer_pk":883, "answer_content":1113}'),
	(624, 66, 2, '"undefined.. " 에 댓글이 달렸습니다', NULL, '2019-08-14 09:34:57', NULL, '2019-08-14 09:43:55', 0, 1, 0, NULL, '{"question_pk":877, "comment_pk":313}'),
	(625, 66, 2, '"undefined.. " 에 댓글이 달렸습니다', NULL, '2019-08-14 09:35:07', NULL, '2019-08-14 10:01:48', 0, 1, 0, NULL, '{"question_pk":877, "comment_pk":314}'),
	(626, 66, 2, '"undefined.. " 에 댓글이 달렸습니다', NULL, '2019-08-14 09:35:29', NULL, '2019-08-14 10:01:52', 0, 1, 0, NULL, '{"question_pk":877, "comment_pk":315}'),
	(627, 62, 2, '"undefined.. " 에 댓글이 달렸습니다', NULL, '2019-08-14 09:36:08', NULL, '2019-08-14 09:44:17', 0, 1, 0, NULL, '{"question_pk":875, "comment_pk":316}'),
	(628, 68, 2, '"코드 질문입니다... " 에 댓글이 달렸습니다', NULL, '2019-08-14 09:40:09', NULL, '2019-08-14 09:40:09', 0, 0, 0, NULL, '{"question_pk":884, "comment_pk":318}'),
	(629, 68, 1, '코드 질문입니다. 글에 답변이 달렸습니다', NULL, '2019-08-14 09:41:26', NULL, '2019-08-14 09:41:26', 0, 0, 0, NULL, '{"question_pk":884, "question_content":1114, "answer_pk":887, "answer_content":1117}'),
	(630, 68, 1, '코드 질문입니다. 글에 답변이 달렸습니다', NULL, '2019-08-14 09:42:35', NULL, '2019-08-14 09:42:35', 0, 0, 0, NULL, '{"question_pk":884, "question_content":1114, "answer_pk":887, "answer_content":1118}'),
	(632, 66, 2, '"undefined.. " 에 댓글이 달렸습니다', NULL, '2019-08-14 09:53:55', NULL, '2019-08-14 10:06:50', 0, 1, 0, NULL, '{"question_pk":889, "comment_pk":320}'),
	(633, 66, 2, '"undefined.. " 에 댓글이 달렸습니다', NULL, '2019-08-14 09:54:11', NULL, '2019-08-14 10:01:50', 0, 1, 0, NULL, '{"question_pk":889, "comment_pk":321}'),
	(634, 66, 2, '"Java array.. " 에 댓글이 달렸습니다', NULL, '2019-08-14 09:55:52', NULL, '2019-08-14 10:02:13', 0, 1, 0, NULL, '{"question_pk":893, "comment_pk":322}'),
	(635, 66, 2, '"Java array.. " 에 댓글이 달렸습니다', NULL, '2019-08-14 09:59:15', NULL, '2019-08-14 10:01:50', 0, 1, 0, NULL, '{"question_pk":893, "comment_pk":323}'),
	(636, 66, 2, '"살려주셍ㅅ.. " 에 댓글이 달렸습니다', NULL, '2019-08-14 10:07:33', NULL, '2019-08-14 10:21:59', 0, 1, 0, NULL, '{"question_pk":899, "comment_pk":324}'),
	(637, 66, 1, '살려주셍ㅅ 글에 답변이 달렸습니다', NULL, '2019-08-14 10:17:33', NULL, '2019-08-14 10:22:14', 0, 1, 0, NULL, '{"question_pk":899, "question_content":1131, "answer_pk":900, "answer_content":1132}'),
	(638, 66, 2, '"undefined.. " 에 댓글이 달렸습니다', NULL, '2019-08-14 10:18:25', NULL, '2019-08-14 10:23:36', 0, 1, 0, NULL, '{"question_pk":899, "comment_pk":325}'),
	(639, 66, 2, '"다들 고양이 보러 .. " 에 댓글이 달렸습니다', NULL, '2019-08-14 10:18:49', NULL, '2019-08-14 10:23:39', 0, 1, 0, NULL, '{"question_pk":899, "comment_pk":326}'),
	(640, 64, 2, '"undefined.. " 에 댓글이 달렸습니다', NULL, '2019-08-14 10:23:10', NULL, '2019-08-14 10:23:10', 0, 0, 0, NULL, '{"question_pk":884, "comment_pk":327}'),
	(641, 66, 1, '다들 고양이 보러 오세여 글에 답변이 달렸습니다', NULL, '2019-08-14 10:23:14', NULL, '2019-08-14 10:23:37', 0, 1, 0, NULL, '{"question_pk":899, "question_content":1133, "answer_pk":903, "answer_content":1136}'),
	(642, 64, 2, '"undefined.. " 에 댓글이 달렸습니다', NULL, '2019-08-14 10:23:43', NULL, '2019-08-14 10:23:43', 0, 0, 0, NULL, '{"question_pk":884, "comment_pk":328}'),
	(643, 64, 2, '"undefined.. " 에 댓글이 달렸습니다', NULL, '2019-08-14 10:24:55', NULL, '2019-08-14 10:24:55', 0, 0, 0, NULL, '{"question_pk":884, "comment_pk":329}'),
	(644, 64, 2, '"undefined.. " 에 댓글이 달렸습니다', NULL, '2019-08-14 10:25:12', NULL, '2019-08-14 10:25:12', 0, 0, 0, NULL, '{"question_pk":884, "comment_pk":330}'),
	(645, 64, 2, '"코드 질문입니다... " 에 댓글이 달렸습니다', NULL, '2019-08-14 10:25:53', NULL, '2019-08-14 10:25:53', 0, 0, 0, NULL, '{"question_pk":884, "comment_pk":331}'),
	(646, 64, 2, '"코드 질문입니다... " 에 댓글이 달렸습니다', NULL, '2019-08-14 10:27:29', NULL, '2019-08-14 10:27:29', 0, 0, 0, NULL, '{"question_pk":884, "comment_pk":332}'),
	(647, 64, 2, '"코드 질문입니다... " 에 댓글이 달렸습니다', NULL, '2019-08-14 10:29:21', NULL, '2019-08-14 10:29:21', 0, 0, 0, NULL, '{"question_pk":884, "comment_pk":334}'),
	(648, 64, 2, '"코드 질문입니다... " 에 댓글이 달렸습니다', NULL, '2019-08-14 10:30:40', NULL, '2019-08-14 10:30:40', 0, 0, 0, NULL, '{"question_pk":884, "comment_pk":335}'),
	(649, 64, 2, '"코드 질문입니다... " 에 댓글이 달렸습니다', NULL, '2019-08-14 10:31:22', NULL, '2019-08-14 10:31:22', 0, 0, 0, NULL, '{"question_pk":884, "comment_pk":336}'),
	(650, 64, 2, '"코드 질문입니다... " 에 댓글이 달렸습니다', NULL, '2019-08-14 10:31:50', NULL, '2019-08-14 10:31:50', 0, 0, 0, NULL, '{"question_pk":884, "comment_pk":337}'),
	(651, 64, 2, '"코드 질문입니다... " 에 댓글이 달렸습니다', NULL, '2019-08-14 10:31:53', NULL, '2019-08-14 10:31:53', 0, 0, 0, NULL, '{"question_pk":884, "comment_pk":338}'),
	(652, 66, 1, '다들 고양이 보러 오세여 글에 답변이 달렸습니다', NULL, '2019-08-14 10:32:14', NULL, '2019-08-14 10:32:32', 0, 1, 0, NULL, '{"question_pk":899, "question_content":1133, "answer_pk":908, "answer_content":1141}'),
	(653, 66, 1, '다들 고양이 보러 오세여 글에 답변이 달렸습니다', NULL, '2019-08-14 10:32:14', NULL, '2019-08-14 10:32:36', 0, 1, 0, NULL, '{"question_pk":899, "question_content":1133, "answer_pk":908, "answer_content":1141}'),
	(654, 66, 2, '"다들 고양이 보러 .. " 에 댓글이 달렸습니다', NULL, '2019-08-14 10:33:40', NULL, '2019-08-14 10:33:44', 0, 1, 0, NULL, '{"question_pk":899, "comment_pk":340}'),
	(655, 66, 2, '"다들 고양이 보러 .. " 에 댓글이 달렸습니다', NULL, '2019-08-14 10:33:45', NULL, '2019-08-14 10:33:53', 0, 1, 0, NULL, '{"question_pk":899, "comment_pk":341}'),
	(656, 66, 2, '"다들 고양이 보러 .. " 에 댓글이 달렸습니다', NULL, '2019-08-14 10:34:17', NULL, '2019-08-14 10:34:21', 0, 1, 0, NULL, '{"question_pk":899, "comment_pk":342}'),
	(658, 66, 2, '"DVA1.. " 에 댓글이 달렸습니다', NULL, '2019-08-14 10:36:22', NULL, '2019-08-14 10:45:50', 0, 1, 0, NULL, '{"question_pk":902, "comment_pk":344}'),
	(659, 64, 2, '"피자추천좀.. " 에 댓글이 달렸습니다', NULL, '2019-08-14 10:39:15', NULL, '2019-08-14 10:39:15', 0, 0, 0, NULL, '{"question_pk":911, "comment_pk":345}'),
	(660, 64, 2, '"치킨추천좀.. " 에 댓글이 달렸습니다', NULL, '2019-08-14 10:39:32', NULL, '2019-08-14 10:39:32', 0, 0, 0, NULL, '{"question_pk":909, "comment_pk":346}'),
	(661, 50, 2, '"numpy로 2d .. " 에 댓글이 달렸습니다', NULL, '2019-08-14 10:40:44', NULL, '2019-08-14 10:40:44', 0, 0, 0, NULL, '{"question_pk":898, "comment_pk":347}'),
	(662, 66, 1, '다들 고양이 보러 오세여 글에 답변이 달렸습니다', NULL, '2019-08-14 10:41:59', NULL, '2019-08-14 10:45:57', 0, 1, 0, NULL, '{"question_pk":899, "question_content":1133, "answer_pk":912, "answer_content":1145}'),
	(663, 66, 1, '다들 고양이 보러 오세여 글에 답변이 달렸습니다', NULL, '2019-08-14 10:41:59', NULL, '2019-08-14 10:45:58', 0, 1, 0, NULL, '{"question_pk":899, "question_content":1133, "answer_pk":912, "answer_content":1145}'),
	(665, 66, 2, '"다들 고양이 보러 .. " 에 댓글이 달렸습니다', NULL, '2019-08-14 10:42:42', NULL, '2019-08-14 10:46:17', 0, 1, 0, NULL, '{"question_pk":899, "comment_pk":348}'),
	(666, 66, 1, '다들 고양이 보러  글에 답변이 달렸습니다', NULL, '2019-08-14 10:44:59', NULL, '2019-08-14 10:46:14', 0, 1, 0, NULL, '{"question_pk":899, "question_content":1133, "answer_pk":913, "answer_content":1146}'),
	(667, 66, 1, '다들 고양이 보러  글에 답변이 달렸습니다', NULL, '2019-08-14 10:44:59', NULL, '2019-08-14 10:46:17', 0, 1, 0, NULL, '{"question_pk":899, "question_content":1133, "answer_pk":913, "answer_content":1146}'),
	(669, 64, 1, '파이썬 딕셔너리 출 글에 답변이 달렸습니다', NULL, '2019-08-14 10:56:17', NULL, '2019-08-14 10:56:17', 0, 0, 0, NULL, '{"question_pk":861, "question_content":1089, "answer_pk":921, "answer_content":1154}'),
	(670, 66, 1, '파이썬 딕셔너리 출 글에 답변이 달렸습니다', NULL, '2019-08-14 10:56:17', NULL, '2019-08-14 11:08:59', 0, 1, 0, NULL, '{"question_pk":861, "question_content":1089, "answer_pk":921, "answer_content":1154}'),
	(671, 70, 2, '"<h1 style=.. " 에 댓글이 달렸습니다', NULL, '2019-08-14 10:56:54', NULL, '2019-08-14 10:56:54', 0, 0, 0, NULL, '{"question_pk":920, "comment_pk":349}'),
	(672, 70, 2, '"<h1 style=.. " 에 댓글이 달렸습니다', NULL, '2019-08-14 10:56:58', NULL, '2019-08-14 10:56:58', 0, 0, 0, NULL, '{"question_pk":920, "comment_pk":350}'),
	(673, 50, 2, '"numpy로 2d .. " 에 댓글이 달렸습니다', NULL, '2019-08-14 10:58:52', NULL, '2019-08-14 10:58:52', 0, 0, 0, NULL, '{"question_pk":898, "comment_pk":351}'),
	(674, 72, 1, '파이썬 어떻게 쓰나 글에 답변이 달렸습니다', NULL, '2019-08-14 11:01:39', NULL, '2019-08-14 11:02:52', 0, 1, 0, NULL, '{"question_pk":929, "question_content":1162, "answer_pk":930, "answer_content":1163}'),
	(675, 72, 1, '파이썬 어떻게 쓰나 글에 답변이 달렸습니다', NULL, '2019-08-14 11:01:48', NULL, '2019-08-14 11:01:48', 0, 0, 0, NULL, '{"question_pk":929, "question_content":1162, "answer_pk":931, "answer_content":1164}'),
	(676, 64, 2, '"파이썬 어떻게 쓰나.. " 에 댓글이 달렸습니다', NULL, '2019-08-14 11:02:20', NULL, '2019-08-14 11:02:20', 0, 0, 0, NULL, '{"question_pk":929, "comment_pk":352}'),
	(677, 72, 2, '"파이썬 어떻게 쓰나.. " 에 댓글이 달렸습니다', NULL, '2019-08-14 11:02:28', NULL, '2019-08-14 11:05:05', 0, 1, 0, NULL, '{"question_pk":929, "comment_pk":353}'),
	(678, 52, 2, '"IOS 게시판입니다.. " 에 댓글이 달렸습니다', NULL, '2019-08-14 11:03:02', NULL, '2019-08-14 11:03:02', 0, 0, 0, NULL, '{"question_pk":864, "comment_pk":354}'),
	(679, 72, 1, '"파이썬 어떻게 쓰나.." 글에 답변이 달렸습니다', NULL, '2019-08-14 11:04:42', NULL, '2019-08-14 11:04:42', 0, 0, 0, NULL, '{"question_pk":929, "question_content":1169, "answer_pk":931, "answer_content":1171}'),
	(680, 62, 1, '"파이썬 어떻게 쓰나.." 글에 답변이 달렸습니다', NULL, '2019-08-14 11:04:42', NULL, '2019-08-14 11:04:42', 0, 0, 0, NULL, '{"question_pk":929, "question_content":1169, "answer_pk":931, "answer_content":1171}'),
	(681, 84, 2, '"파이썬.. " 에 댓글이 달렸습니다', NULL, '2019-08-14 11:06:29', NULL, '2019-08-14 11:06:29', 0, 0, 0, NULL, '{"question_pk":935, "comment_pk":357}'),
	(682, 84, 2, '"파이썬.. " 에 댓글이 달렸습니다', NULL, '2019-08-14 11:06:32', NULL, '2019-08-14 11:06:32', 0, 0, 0, NULL, '{"question_pk":935, "comment_pk":358}'),
	(683, 84, 1, '파이썬 글에 답변이 달렸습니다', NULL, '2019-08-14 11:06:44', NULL, '2019-08-14 11:06:44', 0, 0, 0, NULL, '{"question_pk":935, "question_content":1172, "answer_pk":936, "answer_content":1173}'),
	(684, 86, 1, '안녕하세욥 aa입니 글에 답변이 달렸습니다', NULL, '2019-08-14 11:17:59', NULL, '2019-08-14 11:17:59', 0, 0, 0, NULL, '{"question_pk":937, "question_content":1177, "answer_pk":940, "answer_content":1178}'),
	(685, 72, 1, '파이썬 어떻게 쓰나 글에 답변이 달렸습니다', NULL, '2019-08-14 11:38:46', NULL, '2019-08-14 11:38:46', 0, 0, 0, NULL, '{"question_pk":929, "question_content":1169, "answer_pk":941, "answer_content":1179}'),
	(686, 62, 1, '파이썬 어떻게 쓰나 글에 답변이 달렸습니다', NULL, '2019-08-14 11:38:46', NULL, '2019-08-14 11:38:46', 0, 0, 0, NULL, '{"question_pk":929, "question_content":1169, "answer_pk":941, "answer_content":1179}');
/*!40000 ALTER TABLE `notice` ENABLE KEYS */;

-- 테이블 craq.permission 구조 내보내기
CREATE TABLE IF NOT EXISTS `permission` (
  `pk` int(11) NOT NULL AUTO_INCREMENT,
  `role` int(11) DEFAULT NULL,
  `createdUser` int(11) DEFAULT NULL,
  `created_at` timestamp NULL DEFAULT current_timestamp(),
  `updatedUser` int(11) DEFAULT NULL,
  `updated_at` timestamp NOT NULL DEFAULT current_timestamp() ON UPDATE current_timestamp(),
  `is_public` tinyint(4) DEFAULT 0,
  `is_active` tinyint(4) DEFAULT 0,
  `is_removed` tinyint(4) DEFAULT 0,
  `ip_address` text DEFAULT NULL,
  `info` text DEFAULT NULL,
  PRIMARY KEY (`pk`),
  KEY `role` (`role`)
) ENGINE=InnoDB DEFAULT CHARSET=utf8;

-- 테이블 데이터 craq.permission:~0 rows (대략적) 내보내기
DELETE FROM `permission`;
/*!40000 ALTER TABLE `permission` DISABLE KEYS */;
/*!40000 ALTER TABLE `permission` ENABLE KEYS */;

-- 테이블 craq.profile 구조 내보내기
CREATE TABLE IF NOT EXISTS `profile` (
  `User` int(11) NOT NULL,
  `profile_image` text DEFAULT 'default_profile.png' COMMENT '기본값을 디폴트이미지 경로로',
  `ssafy_years` int(11) DEFAULT NULL,
  `is_major` text DEFAULT NULL,
  `region` text DEFAULT NULL,
  `grade` text DEFAULT NULL,
  `intro` text DEFAULT NULL,
  `gitUrl` text DEFAULT NULL,
  `createdUser` int(11) DEFAULT NULL,
  `created_at` timestamp NULL DEFAULT current_timestamp(),
  `updatedUser` int(11) DEFAULT NULL,
  `updated_at` timestamp NULL DEFAULT current_timestamp(),
  `is_public` tinyint(4) DEFAULT NULL,
  `is_active` tinyint(4) DEFAULT NULL,
  `is_removed` tinyint(4) DEFAULT NULL,
  `ip_address` text DEFAULT NULL,
  `info` text DEFAULT NULL,
  PRIMARY KEY (`User`)
) ENGINE=InnoDB DEFAULT CHARSET=utf8;

-- 테이블 데이터 craq.profile:~26 rows (대략적) 내보내기
DELETE FROM `profile`;
/*!40000 ALTER TABLE `profile` DISABLE KEYS */;
INSERT INTO `profile` (`User`, `profile_image`, `ssafy_years`, `is_major`, `region`, `grade`, `intro`, `gitUrl`, `createdUser`, `created_at`, `updatedUser`, `updated_at`, `is_public`, `is_active`, `is_removed`, `ip_address`, `info`) VALUES
	(62, '1565741714184.jpg', 1, 'CSE', '대전', 'IM', '', '', NULL, '2019-08-14 09:10:59', NULL, '2019-08-14 09:15:05', NULL, NULL, NULL, NULL, NULL),
	(63, 'default_profile.png', NULL, NULL, NULL, NULL, NULL, NULL, NULL, '2019-08-14 09:11:58', NULL, '2019-08-14 09:11:58', NULL, NULL, NULL, NULL, NULL),
	(64, '1565743018667.jpg', 2, '', '', '', '호날두보단 메시\n호호하하보단 메메하하\n호불호보단 메불메 \n호식이두마리치킨보다 메식이두마리치킨', '', NULL, '2019-08-14 09:12:48', NULL, '2019-08-14 09:37:25', NULL, NULL, NULL, NULL, NULL),
	(65, 'default_profile.png', NULL, NULL, NULL, NULL, NULL, NULL, NULL, '2019-08-14 09:13:57', NULL, '2019-08-14 09:13:57', NULL, NULL, NULL, NULL, NULL),
	(66, '1565743755956.gif', 2, 'CTO at Qualcomm', '대전', 'C', 'hello world!', 'https://icpc.ninja', NULL, '2019-08-14 09:18:27', NULL, '2019-08-14 09:36:13', NULL, NULL, NULL, NULL, NULL),
	(67, '1565742364981.gif', NULL, NULL, NULL, NULL, NULL, NULL, NULL, '2019-08-14 09:23:59', NULL, '2019-08-14 09:23:59', NULL, NULL, NULL, NULL, NULL),
	(68, '1565742918510.png', NULL, NULL, NULL, NULL, NULL, NULL, NULL, '2019-08-14 09:35:07', NULL, '2019-08-14 09:35:07', NULL, NULL, NULL, NULL, NULL),
	(69, 'default_profile.png', NULL, NULL, NULL, NULL, NULL, NULL, NULL, '2019-08-14 09:39:53', NULL, '2019-08-14 09:39:53', NULL, NULL, NULL, NULL, NULL),
	(70, '1565748746196.jpg', NULL, NULL, NULL, NULL, NULL, NULL, NULL, '2019-08-14 10:51:10', NULL, '2019-08-14 10:51:10', NULL, NULL, NULL, NULL, NULL),
	(71, 'default_profile.png', 2, '무화과', '광주', 'C', '', 'ㅇ', NULL, '2019-08-14 10:51:23', NULL, '2019-08-14 11:12:33', NULL, NULL, NULL, NULL, NULL),
	(72, '1565748432705.gif', 1, '미술교육', '대전', 'A', '', '대충 깃 유알엘', NULL, '2019-08-14 10:53:12', NULL, '2019-08-14 11:05:51', NULL, NULL, NULL, NULL, NULL),
	(73, 'default_profile.png', NULL, NULL, NULL, NULL, NULL, NULL, NULL, '2019-08-14 10:53:18', NULL, '2019-08-14 10:53:18', NULL, NULL, NULL, NULL, NULL),
	(74, 'default_profile.png', NULL, NULL, NULL, NULL, NULL, NULL, NULL, '2019-08-14 10:53:54', NULL, '2019-08-14 10:53:54', NULL, NULL, NULL, NULL, NULL),
	(75, 'default_profile.png', NULL, NULL, NULL, NULL, NULL, NULL, NULL, '2019-08-14 10:53:56', NULL, '2019-08-14 10:53:56', NULL, NULL, NULL, NULL, NULL),
	(76, '1565749107018.jpg', NULL, NULL, NULL, NULL, NULL, NULL, NULL, '2019-08-14 10:54:00', NULL, '2019-08-14 10:54:00', NULL, NULL, NULL, NULL, NULL),
	(77, 'default_profile.png', NULL, NULL, NULL, NULL, NULL, NULL, NULL, '2019-08-14 10:54:08', NULL, '2019-08-14 10:54:08', NULL, NULL, NULL, NULL, NULL),
	(78, 'default_profile.png', NULL, NULL, NULL, NULL, NULL, NULL, NULL, '2019-08-14 10:54:22', NULL, '2019-08-14 10:54:22', NULL, NULL, NULL, NULL, NULL),
	(79, 'default_profile.png', NULL, NULL, NULL, NULL, NULL, NULL, NULL, '2019-08-14 10:54:39', NULL, '2019-08-14 10:54:39', NULL, NULL, NULL, NULL, NULL),
	(80, 'default_profile.png', NULL, NULL, NULL, NULL, NULL, NULL, NULL, '2019-08-14 10:55:23', NULL, '2019-08-14 10:55:23', NULL, NULL, NULL, NULL, NULL),
	(81, 'default_profile.png', NULL, NULL, NULL, NULL, NULL, NULL, NULL, '2019-08-14 10:55:35', NULL, '2019-08-14 10:55:35', NULL, NULL, NULL, NULL, NULL),
	(82, '1565747760024.png', 2, '', '대전', 'A', '', '', NULL, '2019-08-14 10:55:35', NULL, '2019-08-14 10:56:19', NULL, NULL, NULL, NULL, NULL),
	(83, 'default_profile.png', NULL, NULL, NULL, NULL, NULL, NULL, NULL, '2019-08-14 10:59:56', NULL, '2019-08-14 10:59:56', NULL, NULL, NULL, NULL, NULL),
	(84, 'default_profile.png', NULL, NULL, NULL, NULL, NULL, NULL, NULL, '2019-08-14 11:00:16', NULL, '2019-08-14 11:00:16', NULL, NULL, NULL, NULL, NULL),
	(85, 'default_profile.png', NULL, NULL, NULL, NULL, NULL, NULL, NULL, '2019-08-14 11:02:03', NULL, '2019-08-14 11:02:03', NULL, NULL, NULL, NULL, NULL),
	(86, 'default_profile.png', NULL, NULL, NULL, NULL, NULL, NULL, NULL, '2019-08-14 11:07:01', NULL, '2019-08-14 11:07:01', NULL, NULL, NULL, NULL, NULL),
	(87, 'default_profile.png', NULL, NULL, NULL, NULL, NULL, NULL, NULL, '2019-08-14 11:09:33', NULL, '2019-08-14 11:09:33', NULL, NULL, NULL, NULL, NULL);
/*!40000 ALTER TABLE `profile` ENABLE KEYS */;

-- 테이블 craq.serverlog 구조 내보내기
CREATE TABLE IF NOT EXISTS `serverlog` (
  `who` int(11) DEFAULT NULL,
  `request` text DEFAULT NULL,
  `result` text DEFAULT NULL,
  `when` timestamp NOT NULL DEFAULT current_timestamp(),
  `ip_address` text DEFAULT NULL
) ENGINE=InnoDB DEFAULT CHARSET=utf8 COMMENT='서버로그저장';

-- 테이블 데이터 craq.serverlog:~0 rows (대략적) 내보내기
DELETE FROM `serverlog`;
/*!40000 ALTER TABLE `serverlog` DISABLE KEYS */;
/*!40000 ALTER TABLE `serverlog` ENABLE KEYS */;

-- 테이블 craq.subscribe 구조 내보내기
CREATE TABLE IF NOT EXISTS `subscribe` (
  `Topic` int(11) NOT NULL,
  `User` int(11) NOT NULL,
  `createdUser` int(11) DEFAULT NULL,
  `created_at` timestamp NULL DEFAULT current_timestamp(),
  `updatedUser` int(11) DEFAULT NULL,
  `updated_at` timestamp NOT NULL DEFAULT current_timestamp() ON UPDATE current_timestamp(),
  `is_public` tinyint(4) DEFAULT 0,
  `is_active` tinyint(4) DEFAULT 0,
  `is_removed` tinyint(4) DEFAULT 0,
  `ip_address` text DEFAULT NULL,
  `info` text DEFAULT NULL,
  PRIMARY KEY (`Topic`,`User`)
) ENGINE=InnoDB DEFAULT CHARSET=utf8;

-- 테이블 데이터 craq.subscribe:~24 rows (대략적) 내보내기
DELETE FROM `subscribe`;
/*!40000 ALTER TABLE `subscribe` DISABLE KEYS */;
INSERT INTO `subscribe` (`Topic`, `User`, `createdUser`, `created_at`, `updatedUser`, `updated_at`, `is_public`, `is_active`, `is_removed`, `ip_address`, `info`) VALUES
	(43, 51, NULL, '2019-08-14 09:21:49', NULL, '2019-08-14 09:21:49', 0, 0, 0, NULL, NULL),
	(43, 65, NULL, '2019-08-14 09:14:49', NULL, '2019-08-14 09:14:49', 0, 0, 0, NULL, NULL),
	(43, 69, NULL, '2019-08-14 09:40:48', NULL, '2019-08-14 09:40:48', 0, 0, 0, NULL, NULL),
	(43, 82, NULL, '2019-08-14 11:02:35', NULL, '2019-08-14 11:02:35', 0, 0, 0, NULL, NULL),
	(44, 65, NULL, '2019-08-14 09:14:39', NULL, '2019-08-14 09:14:39', 0, 0, 0, NULL, NULL),
	(44, 69, NULL, '2019-08-14 09:40:58', NULL, '2019-08-14 09:40:58', 0, 0, 0, NULL, NULL),
	(45, 51, NULL, '2019-08-14 09:21:44', NULL, '2019-08-14 09:21:44', 0, 0, 0, NULL, NULL),
	(45, 65, NULL, '2019-08-14 09:14:23', NULL, '2019-08-14 09:14:23', 0, 0, 0, NULL, NULL),
	(45, 67, NULL, '2019-08-14 09:25:46', NULL, '2019-08-14 09:25:46', 0, 0, 0, NULL, NULL),
	(45, 69, NULL, '2019-08-14 09:40:45', NULL, '2019-08-14 09:40:45', 0, 0, 0, NULL, NULL),
	(45, 82, NULL, '2019-08-14 11:04:31', NULL, '2019-08-14 11:04:31', 0, 0, 0, NULL, NULL),
	(46, 65, NULL, '2019-08-14 09:14:16', NULL, '2019-08-14 09:14:16', 0, 0, 0, NULL, NULL),
	(46, 69, NULL, '2019-08-14 09:41:02', NULL, '2019-08-14 09:41:02', 0, 0, 0, NULL, NULL),
	(46, 82, NULL, '2019-08-14 11:02:41', NULL, '2019-08-14 11:02:41', 0, 0, 0, NULL, NULL),
	(47, 65, NULL, '2019-08-14 09:14:30', NULL, '2019-08-14 09:14:30', 0, 0, 0, NULL, NULL),
	(47, 69, NULL, '2019-08-14 09:40:52', NULL, '2019-08-14 09:40:52', 0, 0, 0, NULL, NULL),
	(48, 64, NULL, '2019-08-14 10:54:31', NULL, '2019-08-14 10:54:31', 0, 0, 0, NULL, NULL),
	(48, 65, NULL, '2019-08-14 10:22:19', NULL, '2019-08-14 10:22:19', 0, 0, 0, NULL, NULL),
	(48, 66, NULL, '2019-08-14 10:22:44', NULL, '2019-08-14 10:22:44', 0, 0, 0, NULL, NULL),
	(48, 68, NULL, '2019-08-14 10:22:35', NULL, '2019-08-14 10:22:35', 0, 0, 0, NULL, NULL),
	(48, 69, NULL, '2019-08-14 11:34:42', NULL, '2019-08-14 11:34:42', 0, 0, 0, NULL, NULL),
	(48, 70, NULL, '2019-08-14 10:55:00', NULL, '2019-08-14 10:55:00', 0, 0, 0, NULL, NULL),
	(48, 72, NULL, '2019-08-14 10:54:40', NULL, '2019-08-14 10:54:40', 0, 0, 0, NULL, NULL),
	(48, 82, NULL, '2019-08-14 11:02:38', NULL, '2019-08-14 11:02:38', 0, 0, 0, NULL, NULL);
/*!40000 ALTER TABLE `subscribe` ENABLE KEYS */;

-- 테이블 craq.tag 구조 내보내기
CREATE TABLE IF NOT EXISTS `tag` (
  `pk` int(11) NOT NULL AUTO_INCREMENT,
  `title` varchar(50) NOT NULL,
  `body` text DEFAULT NULL,
  `createdUser` int(11) DEFAULT NULL,
  `created_at` timestamp NULL DEFAULT current_timestamp(),
  `updatedUser` int(11) DEFAULT NULL,
  `updated_at` timestamp NOT NULL DEFAULT current_timestamp() ON UPDATE current_timestamp(),
  `is_public` tinyint(4) DEFAULT 0,
  `is_active` tinyint(4) DEFAULT 0,
  `is_removed` tinyint(4) DEFAULT 0,
  `ip_address` text DEFAULT NULL,
  `info` text DEFAULT NULL,
  PRIMARY KEY (`pk`),
  UNIQUE KEY `title` (`title`)
) ENGINE=InnoDB AUTO_INCREMENT=403 DEFAULT CHARSET=utf8;

-- 테이블 데이터 craq.tag:~65 rows (대략적) 내보내기
DELETE FROM `tag`;
/*!40000 ALTER TABLE `tag` DISABLE KEYS */;
INSERT INTO `tag` (`pk`, `title`, `body`, `createdUser`, `created_at`, `updatedUser`, `updated_at`, `is_public`, `is_active`, `is_removed`, `ip_address`, `info`) VALUES
	(338, '자바', 'undefined', 64, '2019-08-14 09:13:20', 64, '2019-08-14 09:13:20', 0, 0, 0, NULL, NULL),
	(339, 'array', 'undefined', 64, '2019-08-14 09:13:22', 64, '2019-08-14 09:13:22', 0, 0, 0, NULL, NULL),
	(340, 'java', 'undefined', 64, '2019-08-14 09:13:23', 64, '2019-08-14 09:13:23', 0, 0, 0, NULL, NULL),
	(341, 'c', 'undefined', 64, '2019-08-14 09:14:06', 64, '2019-08-14 09:14:06', 0, 0, 0, NULL, NULL),
	(342, 'c언어', 'undefined', 64, '2019-08-14 09:14:07', 64, '2019-08-14 09:14:07', 0, 0, 0, NULL, NULL),
	(343, 'pointer', 'undefined', 64, '2019-08-14 09:14:14', 64, '2019-08-14 09:14:14', 0, 0, 0, NULL, NULL),
	(344, 'python', 'undefined', 64, '2019-08-14 09:16:02', 64, '2019-08-14 09:16:02', 0, 0, 0, NULL, NULL),
	(345, '파이썬', 'undefined', 64, '2019-08-14 09:16:03', 64, '2019-08-14 09:16:03', 0, 0, 0, NULL, NULL),
	(346, 'if', 'undefined', 64, '2019-08-14 09:19:19', 64, '2019-08-14 09:19:19', 0, 0, 0, NULL, NULL),
	(347, 'JS', 'undefined', 51, '2019-08-14 09:19:34', 51, '2019-08-14 09:19:34', 0, 0, 0, NULL, NULL),
	(348, 'node', 'undefined', 51, '2019-08-14 09:19:36', 51, '2019-08-14 09:19:36', 0, 0, 0, NULL, NULL),
	(349, 'vue', 'undefined', 51, '2019-08-14 09:20:32', 51, '2019-08-14 09:20:32', 0, 0, 0, NULL, NULL),
	(350, 'vue-cli', 'undefined', 51, '2019-08-14 09:20:40', 51, '2019-08-14 09:20:40', 0, 0, 0, NULL, NULL),
	(351, 'script', 'undefined', 51, '2019-08-14 09:20:47', 51, '2019-08-14 09:20:47', 0, 0, 0, NULL, NULL),
	(352, 'c++', 'undefined', 64, '2019-08-14 09:20:59', 64, '2019-08-14 09:20:59', 0, 0, 0, NULL, NULL),
	(353, 'vue.js', 'undefined', 62, '2019-08-14 09:22:18', 62, '2019-08-14 09:22:18', 0, 0, 0, NULL, NULL),
	(354, '배포', 'undefined', 62, '2019-08-14 09:22:20', 62, '2019-08-14 09:22:20', 0, 0, 0, NULL, NULL),
	(355, 'random', 'undefined', 64, '2019-08-14 09:22:33', 64, '2019-08-14 09:22:33', 0, 0, 0, NULL, NULL),
	(356, 'xml', 'undefined', 64, '2019-08-14 09:24:27', 64, '2019-08-14 09:24:27', 0, 0, 0, NULL, NULL),
	(357, 'file', 'undefined', 64, '2019-08-14 09:24:30', 64, '2019-08-14 09:24:30', 0, 0, 0, NULL, NULL),
	(358, 'ㅡㅁ소', 'undefined', 66, '2019-08-14 09:28:35', 66, '2019-08-14 09:28:35', 0, 0, 0, NULL, NULL),
	(359, 'math', 'undefined', 66, '2019-08-14 09:28:37', 66, '2019-08-14 09:28:37', 0, 0, 0, NULL, NULL),
	(360, 'nodejs', 'undefined', 64, '2019-08-14 09:28:50', 64, '2019-08-14 09:28:50', 0, 0, 0, NULL, NULL),
	(361, '백준', 'undefined', 68, '2019-08-14 09:37:38', 68, '2019-08-14 09:37:38', 0, 0, 0, NULL, NULL),
	(362, 'function', 'undefined', 64, '2019-08-14 09:39:04', 64, '2019-08-14 09:39:04', 0, 0, 0, NULL, NULL),
	(363, '디렉토리', 'undefined', 62, '2019-08-14 09:45:18', 62, '2019-08-14 09:45:18', 0, 0, 0, NULL, NULL),
	(364, 'img', 'undefined', 66, '2019-08-14 09:53:47', 66, '2019-08-14 09:53:47', 0, 0, 0, NULL, NULL),
	(365, '움짤', 'undefined', 66, '2019-08-14 09:53:49', 66, '2019-08-14 09:53:49', 0, 0, 0, NULL, NULL),
	(366, 'gif', 'undefined', 66, '2019-08-14 09:53:50', 66, '2019-08-14 09:53:50', 0, 0, 0, NULL, NULL),
	(367, 'algorithm', 'undefined', 66, '2019-08-14 09:58:48', 66, '2019-08-14 09:58:48', 0, 0, 0, NULL, NULL),
	(368, '알고리즘', 'undefined', 66, '2019-08-14 09:58:50', 66, '2019-08-14 09:58:50', 0, 0, 0, NULL, NULL),
	(369, '알고리듬', 'undefined', 66, '2019-08-14 09:58:51', 66, '2019-08-14 09:58:51', 0, 0, 0, NULL, NULL),
	(370, '리듬', 'undefined', 66, '2019-08-14 09:58:56', 66, '2019-08-14 09:58:56', 0, 0, 0, NULL, NULL),
	(371, '리듬파워', 'undefined', 66, '2019-08-14 09:59:00', 66, '2019-08-14 09:59:00', 0, 0, 0, NULL, NULL),
	(372, '알고', 'undefined', 66, '2019-08-14 09:59:30', 66, '2019-08-14 09:59:30', 0, 0, 0, NULL, NULL),
	(373, '리듬파우', 'undefined', 66, '2019-08-14 09:59:32', 66, '2019-08-14 09:59:32', 0, 0, 0, NULL, NULL),
	(374, 'numpy', 'undefined', 50, '2019-08-14 10:00:52', 50, '2019-08-14 10:00:52', 0, 0, 0, NULL, NULL),
	(375, 'boj', 'undefined', 66, '2019-08-14 10:01:32', 66, '2019-08-14 10:01:32', 0, 0, 0, NULL, NULL),
	(376, 'ㅊ', 'undefined', 66, '2019-08-14 10:02:27', 66, '2019-08-14 10:02:27', 0, 0, 0, NULL, NULL),
	(377, 'css', 'undefined', 67, '2019-08-14 10:04:26', 67, '2019-08-14 10:04:26', 0, 0, 0, NULL, NULL),
	(378, '<h1>test</h1>', 'undefined', 70, '2019-08-14 10:51:48', 70, '2019-08-14 10:51:48', 0, 0, 0, NULL, NULL),
	(379, 'ㅁㄴㅇㄹ', 'undefined', 78, '2019-08-14 10:57:52', 78, '2019-08-14 10:57:52', 0, 0, 0, NULL, NULL),
	(380, 'ㅁㄴㅇㄹㄴㅇㄹㄴㅁㅇㅎ', 'undefined', 78, '2019-08-14 10:57:53', 78, '2019-08-14 10:57:53', 0, 0, 0, NULL, NULL),
	(381, 'ㄴㅇㄴ', 'undefined', 78, '2019-08-14 10:57:53', 78, '2019-08-14 10:57:53', 0, 0, 0, NULL, NULL),
	(382, 'ㅁㄴㅇㄻㄴㅇㅎㅇㄶㄴㅁㅎ', 'undefined', 78, '2019-08-14 10:57:55', 78, '2019-08-14 10:57:55', 0, 0, 0, NULL, NULL),
	(383, 'ㄴㅇ', 'undefined', 78, '2019-08-14 10:57:55', 78, '2019-08-14 10:57:55', 0, 0, 0, NULL, NULL),
	(384, 'ㅁㅇㅁㄴㅇ', 'undefined', 78, '2019-08-14 10:57:56', 78, '2019-08-14 10:57:56', 0, 0, 0, NULL, NULL),
	(385, 'ㅂ', 'undefined', 78, '2019-08-14 10:57:57', 78, '2019-08-14 10:57:57', 0, 0, 0, NULL, NULL),
	(386, 'ㅂㅈㄷㄱㄴㅇㄹ', 'undefined', 78, '2019-08-14 10:57:58', 78, '2019-08-14 10:57:58', 0, 0, 0, NULL, NULL),
	(387, 'ㄱㄷㄱ', 'undefined', 78, '2019-08-14 10:57:59', 78, '2019-08-14 10:57:59', 0, 0, 0, NULL, NULL),
	(388, 'ㄷㄳㄷㄳㅈㄷㄱㅎㅇㄹㄶ', 'undefined', 78, '2019-08-14 10:58:00', 78, '2019-08-14 10:58:00', 0, 0, 0, NULL, NULL),
	(389, 'ㅅㄷㄱㅈㅅㄱㄷ', 'undefined', 78, '2019-08-14 10:58:01', 78, '2019-08-14 10:58:01', 0, 0, 0, NULL, NULL),
	(390, 'ㄱㄷㅅㄱㄷㅎㅇㄹㅇㅇㄴㅍㅇ', 'undefined', 78, '2019-08-14 10:58:02', 78, '2019-08-14 10:58:02', 0, 0, 0, NULL, NULL),
	(391, 'ㄴㅇㄴㅇ로ㅗㄱㄷㄱㄷㅂㄹㅈㅂ', 'undefined', 78, '2019-08-14 10:58:04', 78, '2019-08-14 10:58:04', 0, 0, 0, NULL, NULL),
	(392, '<strong>', 'undefined', 78, '2019-08-14 10:58:09', 78, '2019-08-14 10:58:09', 0, 0, 0, NULL, NULL),
	(393, '<h1>', 'undefined', 78, '2019-08-14 10:58:12', 78, '2019-08-14 10:58:12', 0, 0, 0, NULL, NULL),
	(394, '<asdfasdfsdfasdf>', 'undefined', 78, '2019-08-14 10:58:16', 78, '2019-08-14 10:58:16', 0, 0, 0, NULL, NULL),
	(395, 'asffgwewefwfdfefbvef', 'undefined', 78, '2019-08-14 10:58:19', 78, '2019-08-14 10:58:19', 0, 0, 0, NULL, NULL),
	(396, 'firebase', 'undefined', 71, '2019-08-14 10:59:55', 71, '2019-08-14 10:59:55', 0, 0, 0, NULL, NULL),
	(397, 'mariadb', 'undefined', 71, '2019-08-14 11:00:00', 71, '2019-08-14 11:00:00', 0, 0, 0, NULL, NULL),
	(398, 'html', 'undefined', 71, '2019-08-14 11:00:08', 71, '2019-08-14 11:00:08', 0, 0, 0, NULL, NULL),
	(399, 'cli', 'undefined', 71, '2019-08-14 11:00:11', 71, '2019-08-14 11:00:11', 0, 0, 0, NULL, NULL),
	(400, 'cdn', 'undefined', 71, '2019-08-14 11:00:14', 71, '2019-08-14 11:00:14', 0, 0, 0, NULL, NULL),
	(401, 'ㅁㄴㅇ', 'undefined', 78, '2019-08-14 11:02:48', 78, '2019-08-14 11:02:48', 0, 0, 0, NULL, NULL),
	(402, '질문', 'undefined', 83, '2019-08-14 11:10:00', 83, '2019-08-14 11:10:00', 0, 0, 0, NULL, NULL);
/*!40000 ALTER TABLE `tag` ENABLE KEYS */;

-- 테이블 craq.topic 구조 내보내기
CREATE TABLE IF NOT EXISTS `topic` (
  `pk` int(11) NOT NULL AUTO_INCREMENT,
  `topic` varchar(50) DEFAULT NULL,
  `createdUser` int(11) DEFAULT NULL,
  `created_at` timestamp NULL DEFAULT current_timestamp(),
  `updatedUser` int(11) DEFAULT NULL,
  `updated_at` timestamp NOT NULL DEFAULT current_timestamp() ON UPDATE current_timestamp(),
  `is_public` tinyint(4) DEFAULT 0,
  `is_active` tinyint(4) DEFAULT 0,
  `is_removed` tinyint(4) DEFAULT 0,
  `ip_address` text DEFAULT NULL,
  `info` text DEFAULT NULL,
  PRIMARY KEY (`pk`),
  UNIQUE KEY `topic` (`topic`)
) ENGINE=InnoDB AUTO_INCREMENT=55 DEFAULT CHARSET=utf8;

-- 테이블 데이터 craq.topic:~14 rows (대략적) 내보내기
DELETE FROM `topic`;
/*!40000 ALTER TABLE `topic` DISABLE KEYS */;
INSERT INTO `topic` (`pk`, `topic`, `createdUser`, `created_at`, `updatedUser`, `updated_at`, `is_public`, `is_active`, `is_removed`, `ip_address`, `info`) VALUES
	(1, '질문과답변', 1, '2019-07-19 14:32:47', 1, '2019-07-29 16:45:05', 0, 1, 0, 'NULL', 'NULL'),
	(2, 'notice', 1, '2019-08-14 09:38:11', NULL, '2019-08-14 09:38:17', 0, 0, 0, NULL, NULL),
	(43, 'Python', 52, '2019-08-14 09:10:08', NULL, '2019-08-14 09:12:15', 0, 1, 0, NULL, NULL),
	(44, 'Java', 52, '2019-08-14 09:10:19', NULL, '2019-08-14 09:12:18', 0, 1, 0, NULL, NULL),
	(45, 'Vue.js', 52, '2019-08-14 09:10:47', NULL, '2019-08-14 09:12:20', 0, 1, 0, NULL, NULL),
	(46, 'Android', 52, '2019-08-14 09:11:17', NULL, '2019-08-14 09:12:23', 0, 1, 0, NULL, NULL),
	(47, 'IOS', 52, '2019-08-14 09:11:21', NULL, '2019-08-14 09:12:25', 0, 1, 0, NULL, NULL),
	(48, '잡담게시판', 67, '2019-08-14 10:19:16', NULL, '2019-08-14 10:22:02', 0, 1, 0, NULL, NULL),
	(49, '자유게시판', 72, '2019-08-14 10:53:54', NULL, '2019-08-14 10:54:10', 0, 1, 0, NULL, NULL),
	(50, 'ㅁㄴㅇㄹ', 78, '2019-08-14 11:04:16', NULL, '2019-08-14 11:04:16', 0, 0, 0, NULL, NULL),
	(51, 'ㄹㅇㄴ', 78, '2019-08-14 11:04:19', NULL, '2019-08-14 11:04:19', 0, 0, 0, NULL, NULL),
	(52, 'ㄹㅇㅎㅇㄹㅇㄶ', 78, '2019-08-14 11:04:24', NULL, '2019-08-14 11:04:24', 0, 0, 0, NULL, NULL),
	(53, 'ㄹㄴㅇㄹㄴㅇㄹㄴㅇㄹㄴ', 78, '2019-08-14 11:04:29', NULL, '2019-08-14 11:04:29', 0, 0, 0, NULL, NULL),
	(54, 'asd', 81, '2019-08-14 11:09:41', NULL, '2019-08-14 11:09:41', 0, 0, 0, NULL, NULL);
/*!40000 ALTER TABLE `topic` ENABLE KEYS */;

-- 테이블 craq.type 구조 내보내기
CREATE TABLE IF NOT EXISTS `type` (
  `pk` int(11) NOT NULL AUTO_INCREMENT,
  `type` varchar(100) NOT NULL,
  `createdUser` int(11) DEFAULT NULL,
  `created_at` timestamp NULL DEFAULT current_timestamp(),
  `updatedUser` int(11) DEFAULT NULL,
  `updated_at` timestamp NOT NULL DEFAULT current_timestamp() ON UPDATE current_timestamp(),
  `is_public` tinyint(4) DEFAULT NULL,
  `is_active` tinyint(4) DEFAULT NULL,
  `is_removed` tinyint(4) DEFAULT NULL,
  `ip_address` text DEFAULT NULL,
  `info` text DEFAULT NULL,
  PRIMARY KEY (`pk`),
  UNIQUE KEY `type` (`type`)
) ENGINE=InnoDB AUTO_INCREMENT=7 DEFAULT CHARSET=utf8;

-- 테이블 데이터 craq.type:~6 rows (대략적) 내보내기
DELETE FROM `type`;
/*!40000 ALTER TABLE `type` DISABLE KEYS */;
INSERT INTO `type` (`pk`, `type`, `createdUser`, `created_at`, `updatedUser`, `updated_at`, `is_public`, `is_active`, `is_removed`, `ip_address`, `info`) VALUES
	(1, '답변', NULL, '2019-07-25 14:09:30', NULL, '2019-07-25 14:09:30', NULL, NULL, NULL, NULL, NULL),
	(2, '댓글', NULL, '2019-07-25 14:09:37', NULL, '2019-07-25 14:09:37', NULL, NULL, NULL, NULL, NULL),
	(3, '선택', NULL, '2019-07-25 14:10:02', NULL, '2019-07-25 14:10:02', NULL, NULL, NULL, NULL, NULL),
	(4, '쪽지', NULL, '2019-07-25 14:10:07', NULL, '2019-07-25 14:10:07', NULL, NULL, NULL, NULL, NULL),
	(5, '와드', NULL, '2019-07-25 15:09:51', NULL, '2019-07-25 15:09:51', NULL, NULL, NULL, NULL, NULL),
	(6, '신고', NULL, '2019-07-25 15:09:57', NULL, '2019-07-25 15:09:57', NULL, NULL, NULL, NULL, NULL);
/*!40000 ALTER TABLE `type` ENABLE KEYS */;

-- 테이블 craq.user 구조 내보내기
CREATE TABLE IF NOT EXISTS `user` (
  `pk` int(11) NOT NULL AUTO_INCREMENT,
  `Permission` int(11) NOT NULL DEFAULT 0 COMMENT '0이면 일반, 1이면 관리자',
  `email` varchar(100) NOT NULL,
  `username` varchar(50) NOT NULL,
  `password` text NOT NULL COMMENT 'sha512 사용',
  `last_login` timestamp NULL DEFAULT current_timestamp(),
  `createdUser` int(11) DEFAULT NULL,
  `created_at` timestamp NULL DEFAULT current_timestamp(),
  `updatedUser` int(11) DEFAULT NULL,
  `updated_at` timestamp NULL DEFAULT current_timestamp(),
  `is_public` tinyint(4) DEFAULT 0,
  `is_active` tinyint(4) DEFAULT 0,
  `is_removed` tinyint(4) DEFAULT 0,
  `ip_address` text DEFAULT NULL,
  `info` text DEFAULT NULL,
  `key_for_verify` text DEFAULT NULL,
  PRIMARY KEY (`pk`),
  UNIQUE KEY `email` (`email`),
  UNIQUE KEY `username` (`username`)
) ENGINE=InnoDB AUTO_INCREMENT=88 DEFAULT CHARSET=utf8;

-- 테이블 데이터 craq.user:~25 rows (대략적) 내보내기
DELETE FROM `user`;
/*!40000 ALTER TABLE `user` DISABLE KEYS */;
INSERT INTO `user` (`pk`, `Permission`, `email`, `username`, `password`, `last_login`, `createdUser`, `created_at`, `updatedUser`, `updated_at`, `is_public`, `is_active`, `is_removed`, `ip_address`, `info`, `key_for_verify`) VALUES
	(62, 0, 'beomhyunkim@gmail.com', 'BEOMHYUN', 'd404559f602eab6fd602ac7680dacbfaadd13630335e951f097af3900e9de176b6db28512f2e000b9d04fba5133e8b1c6e8df59db3a8ab9d60be4b97cc9e81db', '2019-08-14 10:54:34', NULL, '2019-08-14 09:10:59', NULL, '2019-08-14 09:10:59', 0, 0, 0, NULL, NULL, NULL),
	(64, 0, 'whtnwkd@naver.com', 'josujang', 'fe890cfdc84ba5a6019b7186780666b6209f11c31c30d56de4467cc87d80e21c8c2e47ac8f3ce17dedeaf879673116f3bc4c5265fcf5d3f91b059cefee9d7e2a', '2019-08-14 09:17:02', NULL, '2019-08-14 09:12:48', NULL, '2019-08-14 09:12:48', 0, 0, 0, NULL, NULL, NULL),
	(65, 0, 'jjun@naver.com', 'jjunhui', 'e0e3db42514413a962a2b80baeacbcff7fe18ab6723d12c27ae334c8d1f05378a005438ad1c2d15ecf90f5df64fb8d4df2ecb341a3ec1aefb5c00f2bf4bafba4', '2019-08-14 10:10:19', NULL, '2019-08-14 09:13:57', NULL, '2019-08-14 09:13:57', 0, 0, 0, NULL, NULL, NULL),
	(66, 0, 'helloworld@naver.com', '김상근입니다', 'ba7a13845c70b00726a0c99e996ece698b8558468d8c3b81157fa82a906f52e12a1281d2b466c2005cc9e4a75a550118ff0e2edaa26624dbfecc772995433f52', '2019-08-14 11:04:28', NULL, '2019-08-14 09:18:27', NULL, '2019-08-14 09:18:27', 0, 0, 0, NULL, NULL, NULL),
	(67, 0, 'siva3020@naver.com', 'KimSlae', '94c23b067c99e9f9a55ac1c61edcd7aad2bbd995a1fbcb38850fa84ad13135d9eee415e7aa010750dae299059b2966dd69929c46f8f398d3d9d011c651e36008', '2019-08-14 15:29:50', NULL, '2019-08-14 09:23:59', NULL, '2019-08-14 09:23:59', 0, 0, 0, NULL, NULL, NULL),
	(68, 0, 'rngus@gmail.com', '김구현입니다', '1d13774304fdfab2f594addc1818bfd4e48b95879149b1b850c0794efd9ea6266f9c15fa9ffcf1506315b3f2cec493affba7e5149ef324e6c5fa40215b5d7d8c', '2019-08-14 10:22:27', NULL, '2019-08-14 09:35:07', NULL, '2019-08-14 09:35:07', 0, 0, 0, NULL, NULL, NULL),
	(69, 0, 'jeong@naver.com', 'wjdwnsgml', 'c1951cbd2375fd81b334016d3f326d94c26fe07910cb479a47bc013c1c616904bad6f6f347cd2c6ff728615e1fd80c45ca87739f52e0941dcabaa979e655bbd8', '2019-08-14 11:22:01', NULL, '2019-08-14 09:39:53', NULL, '2019-08-14 09:39:53', 0, 0, 0, NULL, NULL, NULL),
	(70, 0, 'abc@abc.com', '<h1>test</h1>', '8c7216fce3f323f5d4ff02d3ef1c1c439d891ee255e5310dbcd24d1696e8328f231ea2e4140701d667eff17013c45255f12cf2d4dd2610849706361171a00145', '2019-08-14 10:51:19', NULL, '2019-08-14 10:51:10', NULL, '2019-08-14 10:51:10', 0, 0, 0, NULL, NULL, NULL),
	(71, 0, '9u@9u.com', '9u_9u_', 'ba3253876aed6bc22d4a6ff53d8406c6ad864195ed144ab5c87621b6c233b548baeae6956df346ec8c17f5ea10f35ee3cbc514797ed7ddd3145464e2a0bab413', '2019-08-14 11:02:09', NULL, '2019-08-14 10:51:23', NULL, '2019-08-14 10:51:23', 0, 0, 0, NULL, NULL, NULL),
	(72, 0, 'siva3020@naver.co', '반갑습니다dk', '1d13774304fdfab2f594addc1818bfd4e48b95879149b1b850c0794efd9ea6266f9c15fa9ffcf1506315b3f2cec493affba7e5149ef324e6c5fa40215b5d7d8c', '2019-08-14 10:53:16', NULL, '2019-08-14 10:53:12', NULL, '2019-08-14 10:53:12', 0, 0, 0, NULL, NULL, NULL),
	(73, 0, 'giljune@gmail.com', 'giljune', 'ba3253876aed6bc22d4a6ff53d8406c6ad864195ed144ab5c87621b6c233b548baeae6956df346ec8c17f5ea10f35ee3cbc514797ed7ddd3145464e2a0bab413', '2019-08-14 10:53:25', NULL, '2019-08-14 10:53:18', NULL, '2019-08-14 10:53:18', 0, 0, 0, NULL, NULL, NULL),
	(74, 0, 'eee@naver.com', '       ', 'b40d03386fb8fd7dc6ca9c6f8d680dfc58d60fd6ea72c63f573cc5bfbb09695746a849c91517c235cdfeaca4e734208f184bc08aae06797748988e95928f80b1', '2019-08-14 10:54:02', NULL, '2019-08-14 10:53:54', NULL, '2019-08-14 10:53:54', 0, 0, 0, NULL, NULL, NULL),
	(75, 0, '1@1.com', 'hahaha', 'ce57d8bc990447c7ec35557040756db2a9ff7cdab53911f3c7995bc6bf3572cda8c94fa53789e523a680de9921c067f6717e79426df467185fc7a6dbec4b2d57', '2019-08-14 10:54:00', NULL, '2019-08-14 10:53:56', NULL, '2019-08-14 10:53:56', 0, 0, 0, NULL, NULL, NULL),
	(76, 0, 'hello@gmail.com', 'hellohello', '7da4d0342754bc00b353ad7c752b4b5c84997e10746f393a662411272fdfba2e2086716de5b1127006ff82bae5df781c8607a1f04893685790db5fdba03c8a94', '2019-08-14 10:54:07', NULL, '2019-08-14 10:54:00', NULL, '2019-08-14 10:54:00', 0, 0, 0, NULL, NULL, NULL),
	(77, 0, 'haeje90@naver.com', 'haeje90', '263fec58861449aacc1c328a4aff64aff4c62df4a2d50b3f207fa89b6e242c9aa778e7a8baeffef85b6ca6d2e7dc16ff0a760d59c13c238f6bcdc32f8ce9cc62', '2019-08-14 10:55:41', NULL, '2019-08-14 10:54:08', NULL, '2019-08-14 10:54:08', 0, 0, 0, NULL, NULL, NULL),
	(78, 0, '1@11.com', '123122', '263fec58861449aacc1c328a4aff64aff4c62df4a2d50b3f207fa89b6e242c9aa778e7a8baeffef85b6ca6d2e7dc16ff0a760d59c13c238f6bcdc32f8ce9cc62', '2019-08-14 11:11:57', NULL, '2019-08-14 10:54:22', NULL, '2019-08-14 10:54:22', 0, 0, 0, NULL, NULL, NULL),
	(79, 0, 'fffff0110@naver.com', 'cheche', 'acad713e24c0da500bcec2cf4ac2c07f7849f442882678e4176c453cb745f5dc456edab25b6ba1d86797eef1dd624061e5c8b390992551ffce63cb7c4094afbe', '2019-08-14 10:54:43', NULL, '2019-08-14 10:54:39', NULL, '2019-08-14 10:54:39', 0, 0, 0, NULL, NULL, NULL),
	(80, 0, 'websvey@naver.com', 'asdasd', '5681472917907f4c0743b98121d39944998d952b0d2160e4d369d9ba6b7e22381fdc326b30ee2e326e44787361c9aa12c546449c560a591c75c95976acf641d3', '2019-08-14 10:55:30', NULL, '2019-08-14 10:55:23', NULL, '2019-08-14 10:55:23', 0, 0, 0, NULL, NULL, NULL),
	(81, 0, 'ho@ho.com', 'hohoho', '263fec58861449aacc1c328a4aff64aff4c62df4a2d50b3f207fa89b6e242c9aa778e7a8baeffef85b6ca6d2e7dc16ff0a760d59c13c238f6bcdc32f8ce9cc62', '2019-08-14 10:55:39', NULL, '2019-08-14 10:55:35', NULL, '2019-08-14 10:55:35', 0, 0, 0, NULL, NULL, NULL),
	(82, 0, 'ssafy11@naver.com', 'test12345', 'ba3253876aed6bc22d4a6ff53d8406c6ad864195ed144ab5c87621b6c233b548baeae6956df346ec8c17f5ea10f35ee3cbc514797ed7ddd3145464e2a0bab413', '2019-08-14 10:55:38', NULL, '2019-08-14 10:55:35', NULL, '2019-08-14 10:55:35', 0, 0, 0, NULL, NULL, NULL),
	(83, 0, 'injeong319@test.com', 'testssaf', '049da5266dd104f942c8e7974f94840399c6213f0470a87a1402b20f67660602f6810bfbb433b62a4d6da25cb97fa10a462ddde578d218429eae01db4a5ebbd6', '2019-08-14 11:00:01', NULL, '2019-08-14 10:59:56', NULL, '2019-08-14 10:59:56', 0, 0, 0, NULL, NULL, NULL),
	(84, 0, 'a@a.com', 'mspmsp', '30b4291e6b2349c2479ac0b5c09a501e411bb49103b40faa563f6a254b7bb842c06a01a5d071c2f77fb4dd49df7aa228a29e349b1034cbf0702461b9a72523b3', '2019-08-14 11:00:21', NULL, '2019-08-14 11:00:16', NULL, '2019-08-14 11:00:16', 0, 0, 0, NULL, NULL, NULL),
	(85, 0, 'a@aa.com', 'kimsuhan', 'dbabb301dcc38f81e5b22c1e18e20389ac2bbdffbdaa3900f1b3bc282e39a6ab898656d30a1e34c13648d74f8e277367055ece018210b6c46d95090db347ab28', '2019-08-14 11:02:13', NULL, '2019-08-14 11:02:03', NULL, '2019-08-14 11:02:03', 0, 0, 0, NULL, NULL, NULL),
	(86, 0, 'aa@a.com', 'aaaaaa', 'b0412597dcea813655574dc54a5b74967cf85317f0332a2591be7953a016f8de56200eb37d5ba593b1e4aa27cea5ca27100f94dccd5b04bae5cadd4454dba67d', '2019-08-14 11:07:06', NULL, '2019-08-14 11:07:01', NULL, '2019-08-14 11:07:01', 0, 0, 0, NULL, NULL, NULL),
	(87, 0, 'jho0078@nate.com', 'jho007', 'ba3253876aed6bc22d4a6ff53d8406c6ad864195ed144ab5c87621b6c233b548baeae6956df346ec8c17f5ea10f35ee3cbc514797ed7ddd3145464e2a0bab413', '2019-08-14 11:09:38', NULL, '2019-08-14 11:09:33', NULL, '2019-08-14 11:09:33', 0, 0, 0, NULL, NULL, NULL);
/*!40000 ALTER TABLE `user` ENABLE KEYS */;

-- 테이블 craq.view 구조 내보내기
CREATE TABLE IF NOT EXISTS `view` (
  `Article` int(11) NOT NULL,
  `User` int(11) NOT NULL,
  `createdUser` int(11) DEFAULT NULL,
  `created_at` timestamp NULL DEFAULT current_timestamp(),
  `updatedUser` int(11) DEFAULT NULL,
  `updated_at` timestamp NOT NULL DEFAULT current_timestamp() ON UPDATE current_timestamp(),
  `is_public` tinyint(4) DEFAULT 0,
  `is_active` tinyint(4) DEFAULT 0,
  `is_removed` tinyint(4) DEFAULT 0,
  `ip_address` text DEFAULT NULL,
  `info` text DEFAULT NULL,
  PRIMARY KEY (`Article`,`User`)
) ENGINE=InnoDB DEFAULT CHARSET=utf8;

-- 테이블 데이터 craq.view:~464 rows (대략적) 내보내기
DELETE FROM `view`;
/*!40000 ALTER TABLE `view` DISABLE KEYS */;
INSERT INTO `view` (`Article`, `User`, `createdUser`, `created_at`, `updatedUser`, `updated_at`, `is_public`, `is_active`, `is_removed`, `ip_address`, `info`) VALUES
	(1, 84, NULL, '2019-08-14 11:11:21', NULL, '2019-08-14 11:11:21', 0, 0, 0, NULL, NULL),
	(858, 51, NULL, '2019-08-14 09:18:26', NULL, '2019-08-14 09:18:26', 0, 0, 0, NULL, NULL),
	(858, 62, NULL, '2019-08-14 09:22:34', NULL, '2019-08-14 09:22:34', 0, 0, 0, NULL, NULL),
	(858, 64, NULL, '2019-08-14 09:13:26', NULL, '2019-08-14 09:13:26', 0, 0, 0, NULL, NULL),
	(858, 66, NULL, '2019-08-14 09:20:25', NULL, '2019-08-14 09:20:25', 0, 0, 0, NULL, NULL),
	(858, 67, NULL, '2019-08-14 09:24:29', NULL, '2019-08-14 09:24:29', 0, 0, 0, NULL, NULL),
	(858, 81, NULL, '2019-08-14 10:58:33', NULL, '2019-08-14 10:58:33', 0, 0, 0, NULL, NULL),
	(859, 82, NULL, '2019-08-14 11:14:27', NULL, '2019-08-14 11:14:27', 0, 0, 0, NULL, NULL),
	(860, 52, NULL, '2019-08-14 09:17:04', NULL, '2019-08-14 09:17:04', 0, 0, 0, NULL, NULL),
	(860, 67, NULL, '2019-08-14 09:43:56', NULL, '2019-08-14 09:43:56', 0, 0, 0, NULL, NULL),
	(861, 51, NULL, '2019-08-14 09:18:22', NULL, '2019-08-14 09:18:22', 0, 0, 0, NULL, NULL),
	(861, 62, NULL, '2019-08-14 09:25:25', NULL, '2019-08-14 09:25:25', 0, 0, 0, NULL, NULL),
	(861, 64, NULL, '2019-08-14 09:18:07', NULL, '2019-08-14 09:18:07', 0, 0, 0, NULL, NULL),
	(861, 66, NULL, '2019-08-14 09:18:44', NULL, '2019-08-14 09:18:44', 0, 0, 0, NULL, NULL),
	(861, 67, NULL, '2019-08-14 09:24:16', NULL, '2019-08-14 09:24:16', 0, 0, 0, NULL, NULL),
	(861, 68, NULL, '2019-08-14 09:41:20', NULL, '2019-08-14 09:41:20', 0, 0, 0, NULL, NULL),
	(861, 72, NULL, '2019-08-14 11:00:06', NULL, '2019-08-14 11:00:06', 0, 0, 0, NULL, NULL),
	(861, 74, NULL, '2019-08-14 11:09:22', NULL, '2019-08-14 11:09:22', 0, 0, 0, NULL, NULL),
	(861, 80, NULL, '2019-08-14 10:55:49', NULL, '2019-08-14 10:55:49', 0, 0, 0, NULL, NULL),
	(861, 81, NULL, '2019-08-14 10:58:08', NULL, '2019-08-14 10:58:08', 0, 0, 0, NULL, NULL),
	(861, 87, NULL, '2019-08-14 11:12:10', NULL, '2019-08-14 11:12:10', 0, 0, 0, NULL, NULL),
	(862, 52, NULL, '2019-08-14 09:18:34', NULL, '2019-08-14 09:18:34', 0, 0, 0, NULL, NULL),
	(863, 51, NULL, '2019-08-14 09:21:36', NULL, '2019-08-14 09:21:36', 0, 0, 0, NULL, NULL),
	(863, 64, NULL, '2019-08-14 09:19:21', NULL, '2019-08-14 09:19:21', 0, 0, 0, NULL, NULL),
	(863, 66, NULL, '2019-08-14 09:20:46', NULL, '2019-08-14 09:20:46', 0, 0, 0, NULL, NULL),
	(863, 67, NULL, '2019-08-14 09:26:14', NULL, '2019-08-14 09:26:14', 0, 0, 0, NULL, NULL),
	(863, 76, NULL, '2019-08-14 11:03:02', NULL, '2019-08-14 11:03:02', 0, 0, 0, NULL, NULL),
	(864, 52, NULL, '2019-08-14 09:19:39', NULL, '2019-08-14 09:19:39', 0, 0, 0, NULL, NULL),
	(864, 82, NULL, '2019-08-14 11:02:57', NULL, '2019-08-14 11:02:57', 0, 0, 0, NULL, NULL),
	(865, 51, NULL, '2019-08-14 09:19:38', NULL, '2019-08-14 09:19:38', 0, 0, 0, NULL, NULL),
	(865, 62, NULL, '2019-08-14 09:23:45', NULL, '2019-08-14 09:23:45', 0, 0, 0, NULL, NULL),
	(865, 66, NULL, '2019-08-14 09:37:37', NULL, '2019-08-14 09:37:37', 0, 0, 0, NULL, NULL),
	(865, 67, NULL, '2019-08-14 09:44:31', NULL, '2019-08-14 09:44:31', 0, 0, 0, NULL, NULL),
	(866, 51, NULL, '2019-08-14 09:23:03', NULL, '2019-08-14 09:23:03', 0, 0, 0, NULL, NULL),
	(866, 62, NULL, '2019-08-14 09:25:25', NULL, '2019-08-14 09:25:25', 0, 0, 0, NULL, NULL),
	(866, 64, NULL, '2019-08-14 09:22:45', NULL, '2019-08-14 09:22:45', 0, 0, 0, NULL, NULL),
	(866, 66, NULL, '2019-08-14 09:20:08', NULL, '2019-08-14 09:20:08', 0, 0, 0, NULL, NULL),
	(866, 67, NULL, '2019-08-14 09:24:17', NULL, '2019-08-14 09:24:17', 0, 0, 0, NULL, NULL),
	(866, 72, NULL, '2019-08-14 11:00:08', NULL, '2019-08-14 11:00:08', 0, 0, 0, NULL, NULL),
	(866, 74, NULL, '2019-08-14 11:09:22', NULL, '2019-08-14 11:09:22', 0, 0, 0, NULL, NULL),
	(866, 80, NULL, '2019-08-14 10:55:50', NULL, '2019-08-14 10:55:50', 0, 0, 0, NULL, NULL),
	(866, 81, NULL, '2019-08-14 10:58:09', NULL, '2019-08-14 10:58:09', 0, 0, 0, NULL, NULL),
	(867, 52, NULL, '2019-08-14 09:20:45', NULL, '2019-08-14 09:20:45', 0, 0, 0, NULL, NULL),
	(867, 76, NULL, '2019-08-14 11:09:52', NULL, '2019-08-14 11:09:52', 0, 0, 0, NULL, NULL),
	(868, 51, NULL, '2019-08-14 09:21:20', NULL, '2019-08-14 09:21:20', 0, 0, 0, NULL, NULL),
	(868, 62, NULL, '2019-08-14 09:24:07', NULL, '2019-08-14 09:24:07', 0, 0, 0, NULL, NULL),
	(868, 64, NULL, '2019-08-14 09:21:01', NULL, '2019-08-14 09:21:01', 0, 0, 0, NULL, NULL),
	(868, 67, NULL, '2019-08-14 09:28:55', NULL, '2019-08-14 09:28:55', 0, 0, 0, NULL, NULL),
	(869, 50, NULL, '2019-08-14 09:30:33', NULL, '2019-08-14 09:30:33', 0, 0, 0, NULL, NULL),
	(869, 51, NULL, '2019-08-14 09:22:07', NULL, '2019-08-14 09:22:07', 0, 0, 0, NULL, NULL),
	(870, 62, NULL, '2019-08-14 09:22:22', NULL, '2019-08-14 09:22:22', 0, 0, 0, NULL, NULL),
	(870, 64, NULL, '2019-08-14 09:32:15', NULL, '2019-08-14 09:32:15', 0, 0, 0, NULL, NULL),
	(870, 67, NULL, '2019-08-14 09:28:12', NULL, '2019-08-14 09:28:12', 0, 0, 0, NULL, NULL),
	(870, 68, NULL, '2019-08-14 09:41:03', NULL, '2019-08-14 09:41:03', 0, 0, 0, NULL, NULL),
	(870, 72, NULL, '2019-08-14 10:59:05', NULL, '2019-08-14 10:59:05', 0, 0, 0, NULL, NULL),
	(870, 78, NULL, '2019-08-14 11:03:42', NULL, '2019-08-14 11:03:42', 0, 0, 0, NULL, NULL),
	(870, 81, NULL, '2019-08-14 11:06:02', NULL, '2019-08-14 11:06:02', 0, 0, 0, NULL, NULL),
	(870, 84, NULL, '2019-08-14 11:01:28', NULL, '2019-08-14 11:01:28', 0, 0, 0, NULL, NULL),
	(871, 62, NULL, '2019-08-14 09:22:46', NULL, '2019-08-14 09:22:46', 0, 0, 0, NULL, NULL),
	(871, 64, NULL, '2019-08-14 09:22:34', NULL, '2019-08-14 09:22:34', 0, 0, 0, NULL, NULL),
	(871, 68, NULL, '2019-08-14 09:41:03', NULL, '2019-08-14 09:41:03', 0, 0, 0, NULL, NULL),
	(871, 72, NULL, '2019-08-14 10:59:05', NULL, '2019-08-14 10:59:05', 0, 0, 0, NULL, NULL),
	(872, 51, NULL, '2019-08-14 09:22:51', NULL, '2019-08-14 09:22:51', 0, 0, 0, NULL, NULL),
	(872, 62, NULL, '2019-08-14 09:24:24', NULL, '2019-08-14 09:24:24', 0, 0, 0, NULL, NULL),
	(872, 64, NULL, '2019-08-14 09:25:55', NULL, '2019-08-14 09:25:55', 0, 0, 0, NULL, NULL),
	(872, 66, NULL, '2019-08-14 09:23:34', NULL, '2019-08-14 09:23:34', 0, 0, 0, NULL, NULL),
	(872, 67, NULL, '2019-08-14 09:24:29', NULL, '2019-08-14 09:24:29', 0, 0, 0, NULL, NULL),
	(872, 81, NULL, '2019-08-14 10:58:34', NULL, '2019-08-14 10:58:34', 0, 0, 0, NULL, NULL),
	(873, 62, NULL, '2019-08-14 09:23:25', NULL, '2019-08-14 09:23:25', 0, 0, 0, NULL, NULL),
	(873, 64, NULL, '2019-08-14 09:25:43', NULL, '2019-08-14 09:25:43', 0, 0, 0, NULL, NULL),
	(874, 64, NULL, '2019-08-14 09:23:43', NULL, '2019-08-14 09:23:43', 0, 0, 0, NULL, NULL),
	(874, 66, NULL, '2019-08-14 09:24:10', NULL, '2019-08-14 09:24:10', 0, 0, 0, NULL, NULL),
	(875, 62, NULL, '2019-08-14 09:24:46', NULL, '2019-08-14 09:24:46', 0, 0, 0, NULL, NULL),
	(875, 64, NULL, '2019-08-14 09:24:31', NULL, '2019-08-14 09:24:31', 0, 0, 0, NULL, NULL),
	(875, 66, NULL, '2019-08-14 09:31:08', NULL, '2019-08-14 09:31:08', 0, 0, 0, NULL, NULL),
	(875, 67, NULL, '2019-08-14 09:28:04', NULL, '2019-08-14 09:28:04', 0, 0, 0, NULL, NULL),
	(875, 68, NULL, '2019-08-14 09:41:03', NULL, '2019-08-14 09:41:03', 0, 0, 0, NULL, NULL),
	(875, 71, NULL, '2019-08-14 10:51:55', NULL, '2019-08-14 10:51:55', 0, 0, 0, NULL, NULL),
	(875, 72, NULL, '2019-08-14 10:59:05', NULL, '2019-08-14 10:59:05', 0, 0, 0, NULL, NULL),
	(875, 87, NULL, '2019-08-14 11:12:10', NULL, '2019-08-14 11:12:10', 0, 0, 0, NULL, NULL),
	(876, 62, NULL, '2019-08-14 09:25:14', NULL, '2019-08-14 09:25:14', 0, 0, 0, NULL, NULL),
	(876, 64, NULL, '2019-08-14 09:33:08', NULL, '2019-08-14 09:33:08', 0, 0, 0, NULL, NULL),
	(876, 66, NULL, '2019-08-14 09:31:08', NULL, '2019-08-14 09:31:08', 0, 0, 0, NULL, NULL),
	(876, 67, NULL, '2019-08-14 09:28:05', NULL, '2019-08-14 09:28:05', 0, 0, 0, NULL, NULL),
	(876, 71, NULL, '2019-08-14 10:51:56', NULL, '2019-08-14 10:51:56', 0, 0, 0, NULL, NULL),
	(877, 64, NULL, '2019-08-14 09:25:35', NULL, '2019-08-14 09:25:35', 0, 0, 0, NULL, NULL),
	(877, 66, NULL, '2019-08-14 09:27:46', NULL, '2019-08-14 09:27:46', 0, 0, 0, NULL, NULL),
	(877, 67, NULL, '2019-08-14 09:27:32', NULL, '2019-08-14 09:27:32', 0, 0, 0, NULL, NULL),
	(877, 68, NULL, '2019-08-14 09:41:20', NULL, '2019-08-14 09:41:20', 0, 0, 0, NULL, NULL),
	(877, 71, NULL, '2019-08-14 10:58:05', NULL, '2019-08-14 10:58:05', 0, 0, 0, NULL, NULL),
	(877, 87, NULL, '2019-08-14 11:12:10', NULL, '2019-08-14 11:12:10', 0, 0, 0, NULL, NULL),
	(878, 50, NULL, '2019-08-14 09:30:31', NULL, '2019-08-14 09:30:31', 0, 0, 0, NULL, NULL),
	(878, 65, NULL, '2019-08-14 10:16:57', NULL, '2019-08-14 10:16:57', 0, 0, 0, NULL, NULL),
	(878, 67, NULL, '2019-08-14 09:30:58', NULL, '2019-08-14 09:30:58', 0, 0, 0, NULL, NULL),
	(879, 62, NULL, '2019-08-14 10:08:51', NULL, '2019-08-14 10:08:51', 0, 0, 0, NULL, NULL),
	(879, 64, NULL, '2019-08-14 09:32:16', NULL, '2019-08-14 09:32:16', 0, 0, 0, NULL, NULL),
	(879, 67, NULL, '2019-08-14 09:28:32', NULL, '2019-08-14 09:28:32', 0, 0, 0, NULL, NULL),
	(879, 78, NULL, '2019-08-14 11:03:43', NULL, '2019-08-14 11:03:43', 0, 0, 0, NULL, NULL),
	(879, 81, NULL, '2019-08-14 11:06:02', NULL, '2019-08-14 11:06:02', 0, 0, 0, NULL, NULL),
	(879, 84, NULL, '2019-08-14 11:01:29', NULL, '2019-08-14 11:01:29', 0, 0, 0, NULL, NULL),
	(880, 64, NULL, '2019-08-14 09:28:52', NULL, '2019-08-14 09:28:52', 0, 0, 0, NULL, NULL),
	(880, 65, NULL, '2019-08-14 11:10:09', NULL, '2019-08-14 11:10:09', 0, 0, 0, NULL, NULL),
	(880, 66, NULL, '2019-08-14 09:30:18', NULL, '2019-08-14 09:30:18', 0, 0, 0, NULL, NULL),
	(880, 67, NULL, '2019-08-14 09:30:25', NULL, '2019-08-14 09:30:25', 0, 0, 0, NULL, NULL),
	(880, 74, NULL, '2019-08-14 11:01:13', NULL, '2019-08-14 11:01:13', 0, 0, 0, NULL, NULL),
	(880, 84, NULL, '2019-08-14 11:06:25', NULL, '2019-08-14 11:06:25', 0, 0, 0, NULL, NULL),
	(881, 64, NULL, '2019-08-14 09:33:17', NULL, '2019-08-14 09:33:17', 0, 0, 0, NULL, NULL),
	(881, 67, NULL, '2019-08-14 09:29:39', NULL, '2019-08-14 09:29:39', 0, 0, 0, NULL, NULL),
	(882, 64, NULL, '2019-08-14 09:34:51', NULL, '2019-08-14 09:34:51', 0, 0, 0, NULL, NULL),
	(882, 66, NULL, '2019-08-14 09:29:50', NULL, '2019-08-14 09:29:50', 0, 0, 0, NULL, NULL),
	(882, 67, NULL, '2019-08-14 09:33:27', NULL, '2019-08-14 09:33:27', 0, 0, 0, NULL, NULL),
	(882, 71, NULL, '2019-08-14 10:58:06', NULL, '2019-08-14 10:58:06', 0, 0, 0, NULL, NULL),
	(883, 62, NULL, '2019-08-14 09:44:18', NULL, '2019-08-14 09:44:18', 0, 0, 0, NULL, NULL),
	(883, 64, NULL, '2019-08-14 09:33:08', NULL, '2019-08-14 09:33:08', 0, 0, 0, NULL, NULL),
	(883, 66, NULL, '2019-08-14 09:32:28', NULL, '2019-08-14 09:32:28', 0, 0, 0, NULL, NULL),
	(883, 71, NULL, '2019-08-14 10:51:56', NULL, '2019-08-14 10:51:56', 0, 0, 0, NULL, NULL),
	(884, 62, NULL, '2019-08-14 09:41:41', NULL, '2019-08-14 09:41:41', 0, 0, 0, NULL, NULL),
	(884, 64, NULL, '2019-08-14 09:40:02', NULL, '2019-08-14 09:40:02', 0, 0, 0, NULL, NULL),
	(884, 66, NULL, '2019-08-14 09:42:37', NULL, '2019-08-14 09:42:37', 0, 0, 0, NULL, NULL),
	(884, 67, NULL, '2019-08-14 09:41:57', NULL, '2019-08-14 09:41:57', 0, 0, 0, NULL, NULL),
	(884, 68, NULL, '2019-08-14 09:37:49', NULL, '2019-08-14 09:37:49', 0, 0, 0, NULL, NULL),
	(884, 75, NULL, '2019-08-14 10:58:21', NULL, '2019-08-14 10:58:21', 0, 0, 0, NULL, NULL),
	(885, 65, NULL, '2019-08-14 10:28:31', NULL, '2019-08-14 10:28:31', 0, 0, 0, NULL, NULL),
	(885, 66, NULL, '2019-08-14 09:47:03', NULL, '2019-08-14 09:47:03', 0, 0, 0, NULL, NULL),
	(885, 67, NULL, '2019-08-14 10:28:19', NULL, '2019-08-14 10:28:19', 0, 0, 0, NULL, NULL),
	(885, 72, NULL, '2019-08-14 10:55:51', NULL, '2019-08-14 10:55:51', 0, 0, 0, NULL, NULL),
	(885, 78, NULL, '2019-08-14 11:16:26', NULL, '2019-08-14 11:16:26', 0, 0, 0, NULL, NULL),
	(885, 81, NULL, '2019-08-14 10:56:36', NULL, '2019-08-14 10:56:36', 0, 0, 0, NULL, NULL),
	(885, 82, NULL, '2019-08-14 11:15:04', NULL, '2019-08-14 11:15:04', 0, 0, 0, NULL, NULL),
	(885, 83, NULL, '2019-08-14 11:10:49', NULL, '2019-08-14 11:10:49', 0, 0, 0, NULL, NULL),
	(885, 84, NULL, '2019-08-14 11:11:18', NULL, '2019-08-14 11:11:18', 0, 0, 0, NULL, NULL),
	(885, 85, NULL, '2019-08-14 11:03:16', NULL, '2019-08-14 11:03:16', 0, 0, 0, NULL, NULL),
	(886, 64, NULL, '2019-08-14 10:38:47', NULL, '2019-08-14 10:38:47', 0, 0, 0, NULL, NULL),
	(886, 65, NULL, '2019-08-14 11:10:21', NULL, '2019-08-14 11:10:21', 0, 0, 0, NULL, NULL),
	(886, 66, NULL, '2019-08-14 09:47:00', NULL, '2019-08-14 09:47:00', 0, 0, 0, NULL, NULL),
	(886, 67, NULL, '2019-08-14 10:28:16', NULL, '2019-08-14 10:28:16', 0, 0, 0, NULL, NULL),
	(886, 69, NULL, '2019-08-14 09:41:26', NULL, '2019-08-14 09:41:26', 0, 0, 0, NULL, NULL),
	(886, 70, NULL, '2019-08-14 10:52:41', NULL, '2019-08-14 10:52:41', 0, 0, 0, NULL, NULL),
	(886, 72, NULL, '2019-08-14 10:55:54', NULL, '2019-08-14 10:55:54', 0, 0, 0, NULL, NULL),
	(886, 78, NULL, '2019-08-14 11:16:24', NULL, '2019-08-14 11:16:24', 0, 0, 0, NULL, NULL),
	(886, 81, NULL, '2019-08-14 10:56:39', NULL, '2019-08-14 10:56:39', 0, 0, 0, NULL, NULL),
	(886, 82, NULL, '2019-08-14 11:00:03', NULL, '2019-08-14 11:00:03', 0, 0, 0, NULL, NULL),
	(886, 83, NULL, '2019-08-14 11:10:20', NULL, '2019-08-14 11:10:20', 0, 0, 0, NULL, NULL),
	(886, 84, NULL, '2019-08-14 11:06:44', NULL, '2019-08-14 11:06:44', 0, 0, 0, NULL, NULL),
	(886, 87, NULL, '2019-08-14 11:10:24', NULL, '2019-08-14 11:10:24', 0, 0, 0, NULL, NULL),
	(887, 62, NULL, '2019-08-14 09:41:41', NULL, '2019-08-14 09:41:41', 0, 0, 0, NULL, NULL),
	(887, 64, NULL, '2019-08-14 09:41:27', NULL, '2019-08-14 09:41:27', 0, 0, 0, NULL, NULL),
	(887, 66, NULL, '2019-08-14 09:42:37', NULL, '2019-08-14 09:42:37', 0, 0, 0, NULL, NULL),
	(887, 67, NULL, '2019-08-14 09:41:59', NULL, '2019-08-14 09:41:59', 0, 0, 0, NULL, NULL),
	(887, 68, NULL, '2019-08-14 09:41:28', NULL, '2019-08-14 09:41:28', 0, 0, 0, NULL, NULL),
	(887, 75, NULL, '2019-08-14 10:58:22', NULL, '2019-08-14 10:58:22', 0, 0, 0, NULL, NULL),
	(888, 50, NULL, '2019-08-14 09:52:46', NULL, '2019-08-14 09:52:46', 0, 0, 0, NULL, NULL),
	(888, 62, NULL, '2019-08-14 09:46:17', NULL, '2019-08-14 09:46:17', 0, 0, 0, NULL, NULL),
	(888, 65, NULL, '2019-08-14 09:53:19', NULL, '2019-08-14 09:53:19', 0, 0, 0, NULL, NULL),
	(888, 67, NULL, '2019-08-14 09:47:26', NULL, '2019-08-14 09:47:26', 0, 0, 0, NULL, NULL),
	(888, 72, NULL, '2019-08-14 10:59:05', NULL, '2019-08-14 10:59:05', 0, 0, 0, NULL, NULL),
	(888, 78, NULL, '2019-08-14 11:04:50', NULL, '2019-08-14 11:04:50', 0, 0, 0, NULL, NULL),
	(889, 64, NULL, '2019-08-14 09:53:42', NULL, '2019-08-14 09:53:42', 0, 0, 0, NULL, NULL),
	(889, 66, NULL, '2019-08-14 09:47:54', NULL, '2019-08-14 09:47:54', 0, 0, 0, NULL, NULL),
	(889, 67, NULL, '2019-08-14 09:47:18', NULL, '2019-08-14 09:47:18', 0, 0, 0, NULL, NULL),
	(889, 82, NULL, '2019-08-14 11:16:50', NULL, '2019-08-14 11:16:50', 0, 0, 0, NULL, NULL),
	(889, 87, NULL, '2019-08-14 11:12:11', NULL, '2019-08-14 11:12:11', 0, 0, 0, NULL, NULL),
	(890, 65, NULL, '2019-08-14 09:49:58', NULL, '2019-08-14 09:49:58', 0, 0, 0, NULL, NULL),
	(890, 67, NULL, '2019-08-14 09:50:17', NULL, '2019-08-14 09:50:17', 0, 0, 0, NULL, NULL),
	(890, 82, NULL, '2019-08-14 11:17:00', NULL, '2019-08-14 11:17:00', 0, 0, 0, NULL, NULL),
	(891, 65, NULL, '2019-08-14 09:51:11', NULL, '2019-08-14 09:51:11', 0, 0, 0, NULL, NULL),
	(891, 66, NULL, '2019-08-14 10:19:03', NULL, '2019-08-14 10:19:03', 0, 0, 0, NULL, NULL),
	(891, 70, NULL, '2019-08-14 10:53:01', NULL, '2019-08-14 10:53:01', 0, 0, 0, NULL, NULL),
	(891, 82, NULL, '2019-08-14 11:01:48', NULL, '2019-08-14 11:01:48', 0, 0, 0, NULL, NULL),
	(892, 64, NULL, '2019-08-14 09:53:42', NULL, '2019-08-14 09:53:42', 0, 0, 0, NULL, NULL),
	(892, 66, NULL, '2019-08-14 09:53:21', NULL, '2019-08-14 09:53:21', 0, 0, 0, NULL, NULL),
	(892, 67, NULL, '2019-08-14 09:53:37', NULL, '2019-08-14 09:53:37', 0, 0, 0, NULL, NULL),
	(893, 64, NULL, '2019-08-14 09:55:25', NULL, '2019-08-14 09:55:25', 0, 0, 0, NULL, NULL),
	(893, 66, NULL, '2019-08-14 09:54:57', NULL, '2019-08-14 09:54:57', 0, 0, 0, NULL, NULL),
	(893, 67, NULL, '2019-08-14 09:59:05', NULL, '2019-08-14 09:59:05', 0, 0, 0, NULL, NULL),
	(893, 87, NULL, '2019-08-14 11:12:10', NULL, '2019-08-14 11:12:10', 0, 0, 0, NULL, NULL),
	(895, 76, NULL, '2019-08-14 10:55:38', NULL, '2019-08-14 10:55:38', 0, 0, 0, NULL, NULL),
	(895, 82, NULL, '2019-08-14 11:13:59', NULL, '2019-08-14 11:13:59', 0, 0, 0, NULL, NULL),
	(896, 65, NULL, '2019-08-14 09:58:34', NULL, '2019-08-14 09:58:34', 0, 0, 0, NULL, NULL),
	(897, 65, NULL, '2019-08-14 10:00:14', NULL, '2019-08-14 10:00:14', 0, 0, 0, NULL, NULL),
	(897, 82, NULL, '2019-08-14 11:02:46', NULL, '2019-08-14 11:02:46', 0, 0, 0, NULL, NULL),
	(898, 50, NULL, '2019-08-14 10:00:53', NULL, '2019-08-14 10:00:53', 0, 0, 0, NULL, NULL),
	(898, 62, NULL, '2019-08-14 10:08:44', NULL, '2019-08-14 10:08:44', 0, 0, 0, NULL, NULL),
	(898, 64, NULL, '2019-08-14 10:40:17', NULL, '2019-08-14 10:40:17', 0, 0, 0, NULL, NULL),
	(898, 65, NULL, '2019-08-14 10:32:14', NULL, '2019-08-14 10:32:14', 0, 0, 0, NULL, NULL),
	(898, 66, NULL, '2019-08-14 10:01:57', NULL, '2019-08-14 10:01:57', 0, 0, 0, NULL, NULL),
	(898, 67, NULL, '2019-08-14 10:01:23', NULL, '2019-08-14 10:01:23', 0, 0, 0, NULL, NULL),
	(898, 74, NULL, '2019-08-14 11:08:53', NULL, '2019-08-14 11:08:53', 0, 0, 0, NULL, NULL),
	(898, 76, NULL, '2019-08-14 10:58:24', NULL, '2019-08-14 10:58:24', 0, 0, 0, NULL, NULL),
	(898, 78, NULL, '2019-08-14 10:55:21', NULL, '2019-08-14 10:55:21', 0, 0, 0, NULL, NULL),
	(898, 79, NULL, '2019-08-14 11:07:40', NULL, '2019-08-14 11:07:40', 0, 0, 0, NULL, NULL),
	(899, 62, NULL, '2019-08-14 10:23:31', NULL, '2019-08-14 10:23:31', 0, 0, 0, NULL, NULL),
	(899, 64, NULL, '2019-08-14 10:18:04', NULL, '2019-08-14 10:18:04', 0, 0, 0, NULL, NULL),
	(899, 65, NULL, '2019-08-14 10:18:14', NULL, '2019-08-14 10:18:14', 0, 0, 0, NULL, NULL),
	(899, 66, NULL, '2019-08-14 10:03:50', NULL, '2019-08-14 10:03:50', 0, 0, 0, NULL, NULL),
	(899, 67, NULL, '2019-08-14 10:04:51', NULL, '2019-08-14 10:04:51', 0, 0, 0, NULL, NULL),
	(899, 71, NULL, '2019-08-14 10:57:36', NULL, '2019-08-14 10:57:36', 0, 0, 0, NULL, NULL),
	(899, 74, NULL, '2019-08-14 10:54:41', NULL, '2019-08-14 10:54:41', 0, 0, 0, NULL, NULL),
	(899, 75, NULL, '2019-08-14 10:57:30', NULL, '2019-08-14 10:57:30', 0, 0, 0, NULL, NULL),
	(899, 76, NULL, '2019-08-14 11:17:41', NULL, '2019-08-14 11:17:41', 0, 0, 0, NULL, NULL),
	(899, 78, NULL, '2019-08-14 10:55:02', NULL, '2019-08-14 10:55:02', 0, 0, 0, NULL, NULL),
	(899, 80, NULL, '2019-08-14 11:10:31', NULL, '2019-08-14 11:10:31', 0, 0, 0, NULL, NULL),
	(899, 87, NULL, '2019-08-14 11:10:35', NULL, '2019-08-14 11:10:35', 0, 0, 0, NULL, NULL),
	(900, 62, NULL, '2019-08-14 10:23:31', NULL, '2019-08-14 10:23:31', 0, 0, 0, NULL, NULL),
	(900, 64, NULL, '2019-08-14 10:18:05', NULL, '2019-08-14 10:18:05', 0, 0, 0, NULL, NULL),
	(900, 65, NULL, '2019-08-14 10:18:14', NULL, '2019-08-14 10:18:14', 0, 0, 0, NULL, NULL),
	(900, 66, NULL, '2019-08-14 10:17:34', NULL, '2019-08-14 10:17:34', 0, 0, 0, NULL, NULL),
	(900, 67, NULL, '2019-08-14 10:17:58', NULL, '2019-08-14 10:17:58', 0, 0, 0, NULL, NULL),
	(900, 71, NULL, '2019-08-14 10:57:37', NULL, '2019-08-14 10:57:37', 0, 0, 0, NULL, NULL),
	(900, 74, NULL, '2019-08-14 10:54:41', NULL, '2019-08-14 10:54:41', 0, 0, 0, NULL, NULL),
	(900, 75, NULL, '2019-08-14 10:57:31', NULL, '2019-08-14 10:57:31', 0, 0, 0, NULL, NULL),
	(900, 76, NULL, '2019-08-14 11:17:42', NULL, '2019-08-14 11:17:42', 0, 0, 0, NULL, NULL),
	(900, 78, NULL, '2019-08-14 10:55:03', NULL, '2019-08-14 10:55:03', 0, 0, 0, NULL, NULL),
	(900, 80, NULL, '2019-08-14 11:10:32', NULL, '2019-08-14 11:10:32', 0, 0, 0, NULL, NULL),
	(900, 87, NULL, '2019-08-14 11:10:35', NULL, '2019-08-14 11:10:35', 0, 0, 0, NULL, NULL),
	(901, 64, NULL, '2019-08-14 10:35:26', NULL, '2019-08-14 10:35:26', 0, 0, 0, NULL, NULL),
	(901, 67, NULL, '2019-08-14 10:24:37', NULL, '2019-08-14 10:24:37', 0, 0, 0, NULL, NULL),
	(901, 71, NULL, '2019-08-14 10:55:07', NULL, '2019-08-14 10:55:07', 0, 0, 0, NULL, NULL),
	(902, 64, NULL, '2019-08-14 10:36:16', NULL, '2019-08-14 10:36:16', 0, 0, 0, NULL, NULL),
	(902, 65, NULL, '2019-08-14 10:23:33', NULL, '2019-08-14 10:23:33', 0, 0, 0, NULL, NULL),
	(902, 66, NULL, '2019-08-14 10:23:08', NULL, '2019-08-14 10:23:08', 0, 0, 0, NULL, NULL),
	(902, 67, NULL, '2019-08-14 10:24:32', NULL, '2019-08-14 10:24:32', 0, 0, 0, NULL, NULL),
	(902, 72, NULL, '2019-08-14 10:54:41', NULL, '2019-08-14 10:54:41', 0, 0, 0, NULL, NULL),
	(903, 62, NULL, '2019-08-14 10:23:31', NULL, '2019-08-14 10:23:31', 0, 0, 0, NULL, NULL),
	(903, 64, NULL, '2019-08-14 10:23:15', NULL, '2019-08-14 10:23:15', 0, 0, 0, NULL, NULL),
	(903, 65, NULL, '2019-08-14 10:41:59', NULL, '2019-08-14 10:41:59', 0, 0, 0, NULL, NULL),
	(903, 66, NULL, '2019-08-14 10:23:32', NULL, '2019-08-14 10:23:32', 0, 0, 0, NULL, NULL),
	(903, 67, NULL, '2019-08-14 10:29:03', NULL, '2019-08-14 10:29:03', 0, 0, 0, NULL, NULL),
	(903, 71, NULL, '2019-08-14 10:57:37', NULL, '2019-08-14 10:57:37', 0, 0, 0, NULL, NULL),
	(903, 74, NULL, '2019-08-14 10:54:41', NULL, '2019-08-14 10:54:41', 0, 0, 0, NULL, NULL),
	(903, 75, NULL, '2019-08-14 10:57:31', NULL, '2019-08-14 10:57:31', 0, 0, 0, NULL, NULL),
	(903, 76, NULL, '2019-08-14 11:17:42', NULL, '2019-08-14 11:17:42', 0, 0, 0, NULL, NULL),
	(903, 78, NULL, '2019-08-14 10:55:03', NULL, '2019-08-14 10:55:03', 0, 0, 0, NULL, NULL),
	(903, 80, NULL, '2019-08-14 11:10:32', NULL, '2019-08-14 11:10:32', 0, 0, 0, NULL, NULL),
	(903, 87, NULL, '2019-08-14 11:10:35', NULL, '2019-08-14 11:10:35', 0, 0, 0, NULL, NULL),
	(904, 72, NULL, '2019-08-14 10:54:49', NULL, '2019-08-14 10:54:49', 0, 0, 0, NULL, NULL),
	(904, 79, NULL, '2019-08-14 11:00:50', NULL, '2019-08-14 11:00:50', 0, 0, 0, NULL, NULL),
	(905, 64, NULL, '2019-08-14 10:35:40', NULL, '2019-08-14 10:35:40', 0, 0, 0, NULL, NULL),
	(905, 65, NULL, '2019-08-14 10:27:10', NULL, '2019-08-14 10:27:10', 0, 0, 0, NULL, NULL),
	(905, 67, NULL, '2019-08-14 10:25:20', NULL, '2019-08-14 10:25:20', 0, 0, 0, NULL, NULL),
	(905, 71, NULL, '2019-08-14 10:55:12', NULL, '2019-08-14 10:55:12', 0, 0, 0, NULL, NULL),
	(906, 64, NULL, '2019-08-14 10:36:27', NULL, '2019-08-14 10:36:27', 0, 0, 0, NULL, NULL),
	(906, 65, NULL, '2019-08-14 10:26:44', NULL, '2019-08-14 10:26:44', 0, 0, 0, NULL, NULL),
	(906, 67, NULL, '2019-08-14 10:28:55', NULL, '2019-08-14 10:28:55', 0, 0, 0, NULL, NULL),
	(906, 71, NULL, '2019-08-14 10:54:44', NULL, '2019-08-14 10:54:44', 0, 0, 0, NULL, NULL),
	(906, 76, NULL, '2019-08-14 11:08:53', NULL, '2019-08-14 11:08:53', 0, 0, 0, NULL, NULL),
	(906, 79, NULL, '2019-08-14 10:56:20', NULL, '2019-08-14 10:56:20', 0, 0, 0, NULL, NULL),
	(907, 65, NULL, '2019-08-14 10:29:01', NULL, '2019-08-14 10:29:01', 0, 0, 0, NULL, NULL),
	(907, 70, NULL, '2019-08-14 10:53:00', NULL, '2019-08-14 10:53:00', 0, 0, 0, NULL, NULL),
	(907, 82, NULL, '2019-08-14 11:01:45', NULL, '2019-08-14 11:01:45', 0, 0, 0, NULL, NULL),
	(908, 62, NULL, '2019-08-14 10:41:57', NULL, '2019-08-14 10:41:57', 0, 0, 0, NULL, NULL),
	(908, 64, NULL, '2019-08-14 10:32:23', NULL, '2019-08-14 10:32:23', 0, 0, 0, NULL, NULL),
	(908, 65, NULL, '2019-08-14 10:41:59', NULL, '2019-08-14 10:41:59', 0, 0, 0, NULL, NULL),
	(908, 66, NULL, '2019-08-14 10:32:15', NULL, '2019-08-14 10:32:15', 0, 0, 0, NULL, NULL),
	(908, 67, NULL, '2019-08-14 10:41:41', NULL, '2019-08-14 10:41:41', 0, 0, 0, NULL, NULL),
	(908, 71, NULL, '2019-08-14 10:57:37', NULL, '2019-08-14 10:57:37', 0, 0, 0, NULL, NULL),
	(908, 74, NULL, '2019-08-14 10:54:41', NULL, '2019-08-14 10:54:41', 0, 0, 0, NULL, NULL),
	(908, 75, NULL, '2019-08-14 10:57:31', NULL, '2019-08-14 10:57:31', 0, 0, 0, NULL, NULL),
	(908, 76, NULL, '2019-08-14 11:17:42', NULL, '2019-08-14 11:17:42', 0, 0, 0, NULL, NULL),
	(908, 78, NULL, '2019-08-14 10:55:03', NULL, '2019-08-14 10:55:03', 0, 0, 0, NULL, NULL),
	(908, 80, NULL, '2019-08-14 11:10:32', NULL, '2019-08-14 11:10:32', 0, 0, 0, NULL, NULL),
	(908, 87, NULL, '2019-08-14 11:10:35', NULL, '2019-08-14 11:10:35', 0, 0, 0, NULL, NULL),
	(909, 65, NULL, '2019-08-14 10:38:00', NULL, '2019-08-14 10:38:00', 0, 0, 0, NULL, NULL),
	(909, 71, NULL, '2019-08-14 10:54:33', NULL, '2019-08-14 10:54:33', 0, 0, 0, NULL, NULL),
	(910, 65, NULL, '2019-08-14 10:38:45', NULL, '2019-08-14 10:38:45', 0, 0, 0, NULL, NULL),
	(911, 64, NULL, '2019-08-14 10:53:17', NULL, '2019-08-14 10:53:17', 0, 0, 0, NULL, NULL),
	(911, 65, NULL, '2019-08-14 10:39:08', NULL, '2019-08-14 10:39:08', 0, 0, 0, NULL, NULL),
	(911, 71, NULL, '2019-08-14 10:54:40', NULL, '2019-08-14 10:54:40', 0, 0, 0, NULL, NULL),
	(911, 76, NULL, '2019-08-14 11:08:50', NULL, '2019-08-14 11:08:50', 0, 0, 0, NULL, NULL),
	(912, 62, NULL, '2019-08-14 10:56:45', NULL, '2019-08-14 10:56:45', 0, 0, 0, NULL, NULL),
	(912, 64, NULL, '2019-08-14 10:42:00', NULL, '2019-08-14 10:42:00', 0, 0, 0, NULL, NULL),
	(912, 65, NULL, '2019-08-14 10:42:29', NULL, '2019-08-14 10:42:29', 0, 0, 0, NULL, NULL),
	(912, 66, NULL, '2019-08-14 10:45:58', NULL, '2019-08-14 10:45:58', 0, 0, 0, NULL, NULL),
	(912, 67, NULL, '2019-08-14 10:42:21', NULL, '2019-08-14 10:42:21', 0, 0, 0, NULL, NULL),
	(912, 71, NULL, '2019-08-14 10:57:37', NULL, '2019-08-14 10:57:37', 0, 0, 0, NULL, NULL),
	(912, 74, NULL, '2019-08-14 10:54:41', NULL, '2019-08-14 10:54:41', 0, 0, 0, NULL, NULL),
	(912, 75, NULL, '2019-08-14 10:57:31', NULL, '2019-08-14 10:57:31', 0, 0, 0, NULL, NULL),
	(912, 76, NULL, '2019-08-14 11:17:42', NULL, '2019-08-14 11:17:42', 0, 0, 0, NULL, NULL),
	(912, 78, NULL, '2019-08-14 10:55:03', NULL, '2019-08-14 10:55:03', 0, 0, 0, NULL, NULL),
	(912, 80, NULL, '2019-08-14 11:10:32', NULL, '2019-08-14 11:10:32', 0, 0, 0, NULL, NULL),
	(912, 87, NULL, '2019-08-14 11:10:36', NULL, '2019-08-14 11:10:36', 0, 0, 0, NULL, NULL),
	(913, 62, NULL, '2019-08-14 10:56:45', NULL, '2019-08-14 10:56:45', 0, 0, 0, NULL, NULL),
	(913, 64, NULL, '2019-08-14 10:45:00', NULL, '2019-08-14 10:45:00', 0, 0, 0, NULL, NULL),
	(913, 66, NULL, '2019-08-14 10:45:58', NULL, '2019-08-14 10:45:58', 0, 0, 0, NULL, NULL),
	(913, 67, NULL, '2019-08-14 10:46:05', NULL, '2019-08-14 10:46:05', 0, 0, 0, NULL, NULL),
	(913, 71, NULL, '2019-08-14 10:57:37', NULL, '2019-08-14 10:57:37', 0, 0, 0, NULL, NULL),
	(913, 74, NULL, '2019-08-14 10:54:41', NULL, '2019-08-14 10:54:41', 0, 0, 0, NULL, NULL),
	(913, 75, NULL, '2019-08-14 10:57:31', NULL, '2019-08-14 10:57:31', 0, 0, 0, NULL, NULL),
	(913, 76, NULL, '2019-08-14 11:17:42', NULL, '2019-08-14 11:17:42', 0, 0, 0, NULL, NULL),
	(913, 78, NULL, '2019-08-14 10:55:03', NULL, '2019-08-14 10:55:03', 0, 0, 0, NULL, NULL),
	(913, 80, NULL, '2019-08-14 11:10:32', NULL, '2019-08-14 11:10:32', 0, 0, 0, NULL, NULL),
	(913, 87, NULL, '2019-08-14 11:10:36', NULL, '2019-08-14 11:10:36', 0, 0, 0, NULL, NULL),
	(914, 62, NULL, '2019-08-14 10:56:36', NULL, '2019-08-14 10:56:36', 0, 0, 0, NULL, NULL),
	(914, 65, NULL, '2019-08-14 11:01:21', NULL, '2019-08-14 11:01:21', 0, 0, 0, NULL, NULL),
	(914, 66, NULL, '2019-08-14 10:53:13', NULL, '2019-08-14 10:53:13', 0, 0, 0, NULL, NULL),
	(914, 70, NULL, '2019-08-14 10:51:50', NULL, '2019-08-14 10:51:50', 0, 0, 0, NULL, NULL),
	(914, 71, NULL, '2019-08-14 10:52:07', NULL, '2019-08-14 10:52:07', 0, 0, 0, NULL, NULL),
	(915, 65, NULL, '2019-08-14 10:55:54', NULL, '2019-08-14 10:55:54', 0, 0, 0, NULL, NULL),
	(915, 76, NULL, '2019-08-14 11:09:46', NULL, '2019-08-14 11:09:46', 0, 0, 0, NULL, NULL),
	(915, 82, NULL, '2019-08-14 11:01:43', NULL, '2019-08-14 11:01:43', 0, 0, 0, NULL, NULL),
	(916, 65, NULL, '2019-08-14 10:56:01', NULL, '2019-08-14 10:56:01', 0, 0, 0, NULL, NULL),
	(916, 76, NULL, '2019-08-14 11:09:48', NULL, '2019-08-14 11:09:48', 0, 0, 0, NULL, NULL),
	(916, 82, NULL, '2019-08-14 11:01:51', NULL, '2019-08-14 11:01:51', 0, 0, 0, NULL, NULL),
	(917, 62, NULL, '2019-08-14 10:54:44', NULL, '2019-08-14 10:54:44', 0, 0, 0, NULL, NULL),
	(917, 64, NULL, '2019-08-14 10:55:51', NULL, '2019-08-14 10:55:51', 0, 0, 0, NULL, NULL),
	(917, 65, NULL, '2019-08-14 11:01:40', NULL, '2019-08-14 11:01:40', 0, 0, 0, NULL, NULL),
	(917, 66, NULL, '2019-08-14 10:54:56', NULL, '2019-08-14 10:54:56', 0, 0, 0, NULL, NULL),
	(917, 74, NULL, '2019-08-14 10:54:21', NULL, '2019-08-14 10:54:21', 0, 0, 0, NULL, NULL),
	(917, 75, NULL, '2019-08-14 10:57:20', NULL, '2019-08-14 10:57:20', 0, 0, 0, NULL, NULL),
	(917, 78, NULL, '2019-08-14 10:54:37', NULL, '2019-08-14 10:54:37', 0, 0, 0, NULL, NULL),
	(917, 79, NULL, '2019-08-14 10:58:46', NULL, '2019-08-14 10:58:46', 0, 0, 0, NULL, NULL),
	(917, 81, NULL, '2019-08-14 11:02:01', NULL, '2019-08-14 11:02:01', 0, 0, 0, NULL, NULL),
	(917, 83, NULL, '2019-08-14 11:06:17', NULL, '2019-08-14 11:06:17', 0, 0, 0, NULL, NULL),
	(918, 64, NULL, '2019-08-14 10:55:42', NULL, '2019-08-14 10:55:42', 0, 0, 0, NULL, NULL),
	(918, 65, NULL, '2019-08-14 11:06:29', NULL, '2019-08-14 11:06:29', 0, 0, 0, NULL, NULL),
	(918, 76, NULL, '2019-08-14 10:55:56', NULL, '2019-08-14 10:55:56', 0, 0, 0, NULL, NULL),
	(919, 65, NULL, '2019-08-14 10:56:57', NULL, '2019-08-14 10:56:57', 0, 0, 0, NULL, NULL),
	(920, 65, NULL, '2019-08-14 10:56:54', NULL, '2019-08-14 10:56:54', 0, 0, 0, NULL, NULL),
	(920, 70, NULL, '2019-08-14 11:06:35', NULL, '2019-08-14 11:06:35', 0, 0, 0, NULL, NULL),
	(920, 71, NULL, '2019-08-14 11:09:04', NULL, '2019-08-14 11:09:04', 0, 0, 0, NULL, NULL),
	(920, 78, NULL, '2019-08-14 11:08:38', NULL, '2019-08-14 11:08:38', 0, 0, 0, NULL, NULL),
	(920, 79, NULL, '2019-08-14 10:56:40', NULL, '2019-08-14 10:56:40', 0, 0, 0, NULL, NULL),
	(920, 80, NULL, '2019-08-14 10:57:13', NULL, '2019-08-14 10:57:13', 0, 0, 0, NULL, NULL),
	(921, 64, NULL, '2019-08-14 10:57:02', NULL, '2019-08-14 10:57:02', 0, 0, 0, NULL, NULL),
	(921, 66, NULL, '2019-08-14 11:09:00', NULL, '2019-08-14 11:09:00', 0, 0, 0, NULL, NULL),
	(921, 67, NULL, '2019-08-14 11:39:28', NULL, '2019-08-14 11:39:28', 0, 0, 0, NULL, NULL),
	(921, 72, NULL, '2019-08-14 11:00:08', NULL, '2019-08-14 11:00:08', 0, 0, 0, NULL, NULL),
	(921, 74, NULL, '2019-08-14 11:09:22', NULL, '2019-08-14 11:09:22', 0, 0, 0, NULL, NULL),
	(921, 80, NULL, '2019-08-14 10:56:18', NULL, '2019-08-14 10:56:18', 0, 0, 0, NULL, NULL),
	(921, 81, NULL, '2019-08-14 10:58:09', NULL, '2019-08-14 10:58:09', 0, 0, 0, NULL, NULL),
	(922, 64, NULL, '2019-08-14 11:27:36', NULL, '2019-08-14 11:27:36', 0, 0, 0, NULL, NULL),
	(922, 65, NULL, '2019-08-14 10:56:52', NULL, '2019-08-14 10:56:52', 0, 0, 0, NULL, NULL),
	(922, 67, NULL, '2019-08-14 11:28:48', NULL, '2019-08-14 11:28:48', 0, 0, 0, NULL, NULL),
	(922, 71, NULL, '2019-08-14 11:09:48', NULL, '2019-08-14 11:09:48', 0, 0, 0, NULL, NULL),
	(922, 80, NULL, '2019-08-14 10:57:04', NULL, '2019-08-14 10:57:04', 0, 0, 0, NULL, NULL),
	(923, 65, NULL, '2019-08-14 11:06:07', NULL, '2019-08-14 11:06:07', 0, 0, 0, NULL, NULL),
	(923, 70, NULL, '2019-08-14 10:57:20', NULL, '2019-08-14 10:57:20', 0, 0, 0, NULL, NULL),
	(923, 76, NULL, '2019-08-14 11:09:28', NULL, '2019-08-14 11:09:28', 0, 0, 0, NULL, NULL),
	(923, 80, NULL, '2019-08-14 10:57:27', NULL, '2019-08-14 10:57:27', 0, 0, 0, NULL, NULL),
	(923, 82, NULL, '2019-08-14 11:13:56', NULL, '2019-08-14 11:13:56', 0, 0, 0, NULL, NULL),
	(924, 65, NULL, '2019-08-14 11:06:20', NULL, '2019-08-14 11:06:20', 0, 0, 0, NULL, NULL),
	(924, 67, NULL, '2019-08-14 11:29:02', NULL, '2019-08-14 11:29:02', 0, 0, 0, NULL, NULL),
	(924, 70, NULL, '2019-08-14 10:58:19', NULL, '2019-08-14 10:58:19', 0, 0, 0, NULL, NULL),
	(924, 71, NULL, '2019-08-14 11:09:23', NULL, '2019-08-14 11:09:23', 0, 0, 0, NULL, NULL),
	(925, 70, NULL, '2019-08-14 10:59:27', NULL, '2019-08-14 10:59:27', 0, 0, 0, NULL, NULL),
	(925, 76, NULL, '2019-08-14 11:08:45', NULL, '2019-08-14 11:08:45', 0, 0, 0, NULL, NULL),
	(925, 78, NULL, '2019-08-14 11:09:18', NULL, '2019-08-14 11:09:18', 0, 0, 0, NULL, NULL),
	(925, 80, NULL, '2019-08-14 11:12:31', NULL, '2019-08-14 11:12:31', 0, 0, 0, NULL, NULL),
	(925, 83, NULL, '2019-08-14 11:02:41', NULL, '2019-08-14 11:02:41', 0, 0, 0, NULL, NULL),
	(926, 65, NULL, '2019-08-14 11:05:46', NULL, '2019-08-14 11:05:46', 0, 0, 0, NULL, NULL),
	(926, 66, NULL, '2019-08-14 11:06:01', NULL, '2019-08-14 11:06:01', 0, 0, 0, NULL, NULL),
	(926, 67, NULL, '2019-08-14 11:30:29', NULL, '2019-08-14 11:30:29', 0, 0, 0, NULL, NULL),
	(926, 69, NULL, '2019-08-14 11:31:18', NULL, '2019-08-14 11:31:18', 0, 0, 0, NULL, NULL),
	(926, 74, NULL, '2019-08-14 11:09:35', NULL, '2019-08-14 11:09:35', 0, 0, 0, NULL, NULL),
	(926, 75, NULL, '2019-08-14 11:09:12', NULL, '2019-08-14 11:09:12', 0, 0, 0, NULL, NULL),
	(926, 76, NULL, '2019-08-14 11:08:40', NULL, '2019-08-14 11:08:40', 0, 0, 0, NULL, NULL),
	(926, 78, NULL, '2019-08-14 11:08:29', NULL, '2019-08-14 11:08:29', 0, 0, 0, NULL, NULL),
	(926, 79, NULL, '2019-08-14 10:59:57', NULL, '2019-08-14 10:59:57', 0, 0, 0, NULL, NULL),
	(926, 80, NULL, '2019-08-14 11:12:35', NULL, '2019-08-14 11:12:35', 0, 0, 0, NULL, NULL),
	(926, 83, NULL, '2019-08-14 11:01:59', NULL, '2019-08-14 11:01:59', 0, 0, 0, NULL, NULL),
	(927, 62, NULL, '2019-08-14 11:09:58', NULL, '2019-08-14 11:09:58', 0, 0, 0, NULL, NULL),
	(927, 70, NULL, '2019-08-14 11:00:12', NULL, '2019-08-14 11:00:12', 0, 0, 0, NULL, NULL),
	(927, 71, NULL, '2019-08-14 11:08:44', NULL, '2019-08-14 11:08:44', 0, 0, 0, NULL, NULL),
	(927, 72, NULL, '2019-08-14 11:08:48', NULL, '2019-08-14 11:08:48', 0, 0, 0, NULL, NULL),
	(927, 75, NULL, '2019-08-14 11:09:35', NULL, '2019-08-14 11:09:35', 0, 0, 0, NULL, NULL),
	(927, 76, NULL, '2019-08-14 11:08:43', NULL, '2019-08-14 11:08:43', 0, 0, 0, NULL, NULL),
	(927, 83, NULL, '2019-08-14 11:03:23', NULL, '2019-08-14 11:03:23', 0, 0, 0, NULL, NULL),
	(928, 66, NULL, '2019-08-14 11:08:38', NULL, '2019-08-14 11:08:38', 0, 0, 0, NULL, NULL),
	(928, 69, NULL, '2019-08-14 11:22:11', NULL, '2019-08-14 11:22:11', 0, 0, 0, NULL, NULL),
	(928, 70, NULL, '2019-08-14 11:02:36', NULL, '2019-08-14 11:02:36', 0, 0, 0, NULL, NULL),
	(928, 71, NULL, '2019-08-14 11:08:54', NULL, '2019-08-14 11:08:54', 0, 0, 0, NULL, NULL),
	(928, 72, NULL, '2019-08-14 11:08:52', NULL, '2019-08-14 11:08:52', 0, 0, 0, NULL, NULL),
	(928, 74, NULL, '2019-08-14 11:09:47', NULL, '2019-08-14 11:09:47', 0, 0, 0, NULL, NULL),
	(928, 75, NULL, '2019-08-14 11:09:06', NULL, '2019-08-14 11:09:06', 0, 0, 0, NULL, NULL),
	(928, 78, NULL, '2019-08-14 11:08:48', NULL, '2019-08-14 11:08:48', 0, 0, 0, NULL, NULL),
	(929, 62, NULL, '2019-08-14 11:01:34', NULL, '2019-08-14 11:01:34', 0, 0, 0, NULL, NULL),
	(929, 64, NULL, '2019-08-14 11:01:28', NULL, '2019-08-14 11:01:28', 0, 0, 0, NULL, NULL),
	(929, 65, NULL, '2019-08-14 11:01:29', NULL, '2019-08-14 11:01:29', 0, 0, 0, NULL, NULL),
	(929, 66, NULL, '2019-08-14 11:01:28', NULL, '2019-08-14 11:01:28', 0, 0, 0, NULL, NULL),
	(929, 70, NULL, '2019-08-14 11:02:08', NULL, '2019-08-14 11:02:08', 0, 0, 0, NULL, NULL),
	(929, 71, NULL, '2019-08-14 11:02:12', NULL, '2019-08-14 11:02:12', 0, 0, 0, NULL, NULL),
	(929, 72, NULL, '2019-08-14 11:01:21', NULL, '2019-08-14 11:01:21', 0, 0, 0, NULL, NULL),
	(929, 76, NULL, '2019-08-14 11:06:49', NULL, '2019-08-14 11:06:49', 0, 0, 0, NULL, NULL),
	(929, 78, NULL, '2019-08-14 11:03:07', NULL, '2019-08-14 11:03:07', 0, 0, 0, NULL, NULL),
	(929, 81, NULL, '2019-08-14 11:02:08', NULL, '2019-08-14 11:02:08', 0, 0, 0, NULL, NULL),
	(929, 83, NULL, '2019-08-14 11:05:57', NULL, '2019-08-14 11:05:57', 0, 0, 0, NULL, NULL),
	(929, 84, NULL, '2019-08-14 11:04:45', NULL, '2019-08-14 11:04:45', 0, 0, 0, NULL, NULL),
	(929, 87, NULL, '2019-08-14 11:12:11', NULL, '2019-08-14 11:12:11', 0, 0, 0, NULL, NULL),
	(930, 62, NULL, '2019-08-14 11:01:58', NULL, '2019-08-14 11:01:58', 0, 0, 0, NULL, NULL),
	(930, 64, NULL, '2019-08-14 11:01:49', NULL, '2019-08-14 11:01:49', 0, 0, 0, NULL, NULL),
	(930, 65, NULL, '2019-08-14 11:01:46', NULL, '2019-08-14 11:01:46', 0, 0, 0, NULL, NULL),
	(930, 66, NULL, '2019-08-14 11:01:41', NULL, '2019-08-14 11:01:41', 0, 0, 0, NULL, NULL),
	(930, 70, NULL, '2019-08-14 11:02:08', NULL, '2019-08-14 11:02:08', 0, 0, 0, NULL, NULL),
	(930, 71, NULL, '2019-08-14 11:02:13', NULL, '2019-08-14 11:02:13', 0, 0, 0, NULL, NULL),
	(930, 72, NULL, '2019-08-14 11:01:57', NULL, '2019-08-14 11:01:57', 0, 0, 0, NULL, NULL),
	(930, 76, NULL, '2019-08-14 11:06:50', NULL, '2019-08-14 11:06:50', 0, 0, 0, NULL, NULL),
	(930, 78, NULL, '2019-08-14 11:03:08', NULL, '2019-08-14 11:03:08', 0, 0, 0, NULL, NULL),
	(930, 81, NULL, '2019-08-14 11:02:09', NULL, '2019-08-14 11:02:09', 0, 0, 0, NULL, NULL),
	(930, 83, NULL, '2019-08-14 11:05:57', NULL, '2019-08-14 11:05:57', 0, 0, 0, NULL, NULL),
	(930, 84, NULL, '2019-08-14 11:04:45', NULL, '2019-08-14 11:04:45', 0, 0, 0, NULL, NULL),
	(931, 62, NULL, '2019-08-14 11:01:58', NULL, '2019-08-14 11:01:58', 0, 0, 0, NULL, NULL),
	(931, 64, NULL, '2019-08-14 11:01:49', NULL, '2019-08-14 11:01:49', 0, 0, 0, NULL, NULL),
	(931, 65, NULL, '2019-08-14 11:01:55', NULL, '2019-08-14 11:01:55', 0, 0, 0, NULL, NULL),
	(931, 66, NULL, '2019-08-14 11:02:04', NULL, '2019-08-14 11:02:04', 0, 0, 0, NULL, NULL),
	(931, 70, NULL, '2019-08-14 11:02:08', NULL, '2019-08-14 11:02:08', 0, 0, 0, NULL, NULL),
	(931, 71, NULL, '2019-08-14 11:02:13', NULL, '2019-08-14 11:02:13', 0, 0, 0, NULL, NULL),
	(931, 72, NULL, '2019-08-14 11:01:58', NULL, '2019-08-14 11:01:58', 0, 0, 0, NULL, NULL),
	(931, 76, NULL, '2019-08-14 11:06:50', NULL, '2019-08-14 11:06:50', 0, 0, 0, NULL, NULL),
	(931, 78, NULL, '2019-08-14 11:03:08', NULL, '2019-08-14 11:03:08', 0, 0, 0, NULL, NULL),
	(931, 81, NULL, '2019-08-14 11:02:09', NULL, '2019-08-14 11:02:09', 0, 0, 0, NULL, NULL),
	(931, 83, NULL, '2019-08-14 11:05:57', NULL, '2019-08-14 11:05:57', 0, 0, 0, NULL, NULL),
	(931, 84, NULL, '2019-08-14 11:04:45', NULL, '2019-08-14 11:04:45', 0, 0, 0, NULL, NULL),
	(932, 62, NULL, '2019-08-14 11:09:28', NULL, '2019-08-14 11:09:28', 0, 0, 0, NULL, NULL),
	(932, 67, NULL, '2019-08-14 11:28:58', NULL, '2019-08-14 11:28:58', 0, 0, 0, NULL, NULL),
	(932, 75, NULL, '2019-08-14 11:09:01', NULL, '2019-08-14 11:09:01', 0, 0, 0, NULL, NULL),
	(932, 78, NULL, '2019-08-14 11:08:43', NULL, '2019-08-14 11:08:43', 0, 0, 0, NULL, NULL),
	(932, 80, NULL, '2019-08-14 11:02:08', NULL, '2019-08-14 11:02:08', 0, 0, 0, NULL, NULL),
	(932, 82, NULL, '2019-08-14 11:09:34', NULL, '2019-08-14 11:09:34', 0, 0, 0, NULL, NULL),
	(933, 62, NULL, '2019-08-14 11:03:11', NULL, '2019-08-14 11:03:11', 0, 0, 0, NULL, NULL),
	(933, 78, NULL, '2019-08-14 11:02:55', NULL, '2019-08-14 11:02:55', 0, 0, 0, NULL, NULL),
	(933, 84, NULL, '2019-08-14 11:04:38', NULL, '2019-08-14 11:04:38', 0, 0, 0, NULL, NULL),
	(934, 64, NULL, '2019-08-14 11:03:59', NULL, '2019-08-14 11:03:59', 0, 0, 0, NULL, NULL),
	(934, 65, NULL, '2019-08-14 11:09:38', NULL, '2019-08-14 11:09:38', 0, 0, 0, NULL, NULL),
	(934, 69, NULL, '2019-08-14 11:38:40', NULL, '2019-08-14 11:38:40', 0, 0, 0, NULL, NULL),
	(934, 70, NULL, '2019-08-14 11:07:39', NULL, '2019-08-14 11:07:39', 0, 0, 0, NULL, NULL),
	(934, 72, NULL, '2019-08-14 11:08:06', NULL, '2019-08-14 11:08:06', 0, 0, 0, NULL, NULL),
	(934, 74, NULL, '2019-08-14 11:08:42', NULL, '2019-08-14 11:08:42', 0, 0, 0, NULL, NULL),
	(934, 75, NULL, '2019-08-14 11:08:18', NULL, '2019-08-14 11:08:18', 0, 0, 0, NULL, NULL),
	(934, 78, NULL, '2019-08-14 11:06:36', NULL, '2019-08-14 11:06:36', 0, 0, 0, NULL, NULL),
	(934, 79, NULL, '2019-08-14 11:03:55', NULL, '2019-08-14 11:03:55', 0, 0, 0, NULL, NULL),
	(934, 84, NULL, '2019-08-14 11:04:32', NULL, '2019-08-14 11:04:32', 0, 0, 0, NULL, NULL),
	(935, 64, NULL, '2019-08-14 11:15:54', NULL, '2019-08-14 11:15:54', 0, 0, 0, NULL, NULL),
	(935, 67, NULL, '2019-08-14 11:41:46', NULL, '2019-08-14 11:41:46', 0, 0, 0, NULL, NULL),
	(935, 70, NULL, '2019-08-14 11:16:53', NULL, '2019-08-14 11:16:53', 0, 0, 0, NULL, NULL),
	(935, 74, NULL, '2019-08-14 11:08:48', NULL, '2019-08-14 11:08:48', 0, 0, 0, NULL, NULL),
	(935, 82, NULL, '2019-08-14 11:06:19', NULL, '2019-08-14 11:06:19', 0, 0, 0, NULL, NULL),
	(935, 84, NULL, '2019-08-14 11:06:11', NULL, '2019-08-14 11:06:11', 0, 0, 0, NULL, NULL),
	(935, 86, NULL, '2019-08-14 11:14:03', NULL, '2019-08-14 11:14:03', 0, 0, 0, NULL, NULL),
	(936, 64, NULL, '2019-08-14 11:15:54', NULL, '2019-08-14 11:15:54', 0, 0, 0, NULL, NULL),
	(936, 67, NULL, '2019-08-14 11:41:47', NULL, '2019-08-14 11:41:47', 0, 0, 0, NULL, NULL),
	(936, 70, NULL, '2019-08-14 11:16:54', NULL, '2019-08-14 11:16:54', 0, 0, 0, NULL, NULL),
	(936, 74, NULL, '2019-08-14 11:08:49', NULL, '2019-08-14 11:08:49', 0, 0, 0, NULL, NULL),
	(936, 82, NULL, '2019-08-14 11:06:45', NULL, '2019-08-14 11:06:45', 0, 0, 0, NULL, NULL),
	(936, 86, NULL, '2019-08-14 11:13:53', NULL, '2019-08-14 11:13:53', 0, 0, 0, NULL, NULL),
	(937, 62, NULL, '2019-08-14 11:14:04', NULL, '2019-08-14 11:14:04', 0, 0, 0, NULL, NULL),
	(937, 64, NULL, '2019-08-14 11:08:43', NULL, '2019-08-14 11:08:43', 0, 0, 0, NULL, NULL),
	(937, 65, NULL, '2019-08-14 11:09:33', NULL, '2019-08-14 11:09:33', 0, 0, 0, NULL, NULL),
	(937, 66, NULL, '2019-08-14 11:08:10', NULL, '2019-08-14 11:08:10', 0, 0, 0, NULL, NULL),
	(937, 70, NULL, '2019-08-14 11:16:27', NULL, '2019-08-14 11:16:27', 0, 0, 0, NULL, NULL),
	(937, 71, NULL, '2019-08-14 11:10:51', NULL, '2019-08-14 11:10:51', 0, 0, 0, NULL, NULL),
	(937, 72, NULL, '2019-08-14 11:07:59', NULL, '2019-08-14 11:07:59', 0, 0, 0, NULL, NULL),
	(937, 74, NULL, '2019-08-14 11:08:45', NULL, '2019-08-14 11:08:45', 0, 0, 0, NULL, NULL),
	(937, 82, NULL, '2019-08-14 11:10:22', NULL, '2019-08-14 11:10:22', 0, 0, 0, NULL, NULL),
	(937, 86, NULL, '2019-08-14 11:07:55', NULL, '2019-08-14 11:07:55', 0, 0, 0, NULL, NULL),
	(937, 87, NULL, '2019-08-14 11:09:53', NULL, '2019-08-14 11:09:53', 0, 0, 0, NULL, NULL),
	(938, 75, NULL, '2019-08-14 11:09:51', NULL, '2019-08-14 11:09:51', 0, 0, 0, NULL, NULL),
	(938, 82, NULL, '2019-08-14 11:09:41', NULL, '2019-08-14 11:09:41', 0, 0, 0, NULL, NULL),
	(939, 65, NULL, '2019-08-14 11:12:55', NULL, '2019-08-14 11:12:55', 0, 0, 0, NULL, NULL),
	(939, 70, NULL, '2019-08-14 11:09:41', NULL, '2019-08-14 11:09:41', 0, 0, 0, NULL, NULL),
	(939, 75, NULL, '2019-08-14 11:09:46', NULL, '2019-08-14 11:09:46', 0, 0, 0, NULL, NULL),
	(939, 82, NULL, '2019-08-14 11:09:37', NULL, '2019-08-14 11:09:37', 0, 0, 0, NULL, NULL),
	(940, 66, NULL, '2019-08-14 11:18:01', NULL, '2019-08-14 11:18:01', 0, 0, 0, NULL, NULL),
	(941, 70, NULL, '2019-08-14 11:38:48', NULL, '2019-08-14 11:38:48', 0, 0, 0, NULL, NULL),
	(10000, 84, NULL, '2019-08-14 11:11:12', NULL, '2019-08-14 11:11:12', 0, 0, 0, NULL, NULL);
/*!40000 ALTER TABLE `view` ENABLE KEYS */;

-- 테이블 craq.vote 구조 내보내기
CREATE TABLE IF NOT EXISTS `vote` (
  `Article` int(11) NOT NULL,
  `User` int(11) NOT NULL,
  `good` tinyint(4) DEFAULT 0,
  `createdUser` int(11) DEFAULT NULL,
  `created_at` timestamp NULL DEFAULT current_timestamp(),
  `updatedUser` int(11) DEFAULT NULL,
  `updated_at` timestamp NOT NULL DEFAULT current_timestamp() ON UPDATE current_timestamp(),
  `is_public` tinyint(4) DEFAULT NULL,
  `is_active` tinyint(4) DEFAULT NULL,
  `is_removed` tinyint(4) DEFAULT NULL,
  `ip_address` text DEFAULT NULL,
  `info` text DEFAULT NULL,
  PRIMARY KEY (`Article`,`User`)
) ENGINE=InnoDB DEFAULT CHARSET=utf8;

-- 테이블 데이터 craq.vote:~59 rows (대략적) 내보내기
DELETE FROM `vote`;
/*!40000 ALTER TABLE `vote` DISABLE KEYS */;
INSERT INTO `vote` (`Article`, `User`, `good`, `createdUser`, `created_at`, `updatedUser`, `updated_at`, `is_public`, `is_active`, `is_removed`, `ip_address`, `info`) VALUES
	(858, 62, 1, NULL, '2019-08-14 09:22:36', NULL, '2019-08-14 09:22:36', NULL, NULL, NULL, NULL, NULL),
	(861, 66, -1, NULL, '2019-08-14 09:24:05', NULL, '2019-08-14 09:24:05', NULL, NULL, NULL, NULL, NULL),
	(861, 67, 1, NULL, '2019-08-14 09:33:08', NULL, '2019-08-14 09:33:08', NULL, NULL, NULL, NULL, NULL),
	(866, 62, 1, NULL, '2019-08-14 09:25:31', NULL, '2019-08-14 09:25:31', NULL, NULL, NULL, NULL, NULL),
	(866, 64, 1, NULL, '2019-08-14 09:22:48', NULL, '2019-08-14 09:22:48', NULL, NULL, NULL, NULL, NULL),
	(866, 67, 1, NULL, '2019-08-14 09:33:09', NULL, '2019-08-14 09:33:09', NULL, NULL, NULL, NULL, NULL),
	(866, 80, 1, NULL, '2019-08-14 10:56:01', NULL, '2019-08-14 10:56:01', NULL, NULL, NULL, NULL, NULL),
	(870, 64, 1, NULL, '2019-08-14 09:43:26', NULL, '2019-08-14 09:43:26', NULL, NULL, NULL, NULL, NULL),
	(870, 67, 1, NULL, '2019-08-14 09:34:34', NULL, '2019-08-14 09:34:34', NULL, NULL, NULL, NULL, NULL),
	(872, 51, 1, NULL, '2019-08-14 09:22:53', NULL, '2019-08-14 09:22:53', NULL, NULL, NULL, NULL, NULL),
	(872, 64, -1, NULL, '2019-08-14 09:25:57', NULL, '2019-08-14 09:25:57', NULL, NULL, NULL, NULL, NULL),
	(872, 67, 1, NULL, '2019-08-14 09:59:25', NULL, '2019-08-14 09:59:25', NULL, NULL, NULL, NULL, NULL),
	(873, 64, 1, NULL, '2019-08-14 09:25:47', NULL, '2019-08-14 09:25:47', NULL, NULL, NULL, NULL, NULL),
	(876, 64, 1, NULL, '2019-08-14 09:33:09', NULL, '2019-08-14 09:33:09', NULL, NULL, NULL, NULL, NULL),
	(876, 67, 1, NULL, '2019-08-14 09:28:07', NULL, '2019-08-14 09:28:07', NULL, NULL, NULL, NULL, NULL),
	(879, 64, 1, NULL, '2019-08-14 09:32:18', NULL, '2019-08-14 09:32:18', NULL, NULL, NULL, NULL, NULL),
	(879, 67, 1, NULL, '2019-08-14 09:34:33', NULL, '2019-08-14 09:34:33', NULL, NULL, NULL, NULL, NULL),
	(881, 64, 1, NULL, '2019-08-14 09:36:15', NULL, '2019-08-14 09:36:15', NULL, NULL, NULL, NULL, NULL),
	(882, 64, -1, NULL, '2019-08-14 09:34:59', NULL, '2019-08-14 09:34:59', NULL, NULL, NULL, NULL, NULL),
	(882, 67, -1, NULL, '2019-08-14 09:33:32', NULL, '2019-08-14 09:33:32', NULL, NULL, NULL, NULL, NULL),
	(882, 71, 1, NULL, '2019-08-14 10:58:25', NULL, '2019-08-14 10:58:25', NULL, NULL, NULL, NULL, NULL),
	(884, 68, 1, NULL, '2019-08-14 09:41:40', NULL, '2019-08-14 09:41:40', NULL, NULL, NULL, NULL, NULL),
	(887, 62, -1, NULL, '2019-08-14 09:41:44', NULL, '2019-08-14 09:41:44', NULL, NULL, NULL, NULL, NULL),
	(887, 64, -1, NULL, '2019-08-14 09:41:46', NULL, '2019-08-14 09:41:46', NULL, NULL, NULL, NULL, NULL),
	(887, 67, -1, NULL, '2019-08-14 09:42:01', NULL, '2019-08-14 09:42:01', NULL, NULL, NULL, NULL, NULL),
	(887, 68, 1, NULL, '2019-08-14 09:41:38', NULL, '2019-08-14 09:41:38', NULL, NULL, NULL, NULL, NULL),
	(889, 66, -1, NULL, '2019-08-14 09:51:40', NULL, '2019-08-14 09:51:40', NULL, NULL, NULL, NULL, NULL),
	(889, 67, -1, NULL, '2019-08-14 09:50:26', NULL, '2019-08-14 09:50:26', NULL, NULL, NULL, NULL, NULL),
	(892, 67, -1, NULL, '2019-08-14 09:53:48', NULL, '2019-08-14 09:53:48', NULL, NULL, NULL, NULL, NULL),
	(893, 67, -1, NULL, '2019-08-14 09:59:08', NULL, '2019-08-14 09:59:08', NULL, NULL, NULL, NULL, NULL),
	(899, 64, -1, NULL, '2019-08-14 10:18:38', NULL, '2019-08-14 10:18:38', NULL, NULL, NULL, NULL, NULL),
	(899, 65, 1, NULL, '2019-08-14 10:18:16', NULL, '2019-08-14 10:18:16', NULL, NULL, NULL, NULL, NULL),
	(899, 67, -1, NULL, '2019-08-14 10:18:23', NULL, '2019-08-14 10:18:23', NULL, NULL, NULL, NULL, NULL),
	(900, 64, 1, NULL, '2019-08-14 10:18:14', NULL, '2019-08-14 10:18:14', NULL, NULL, NULL, NULL, NULL),
	(900, 65, 1, NULL, '2019-08-14 10:18:19', NULL, '2019-08-14 10:18:19', NULL, NULL, NULL, NULL, NULL),
	(900, 66, 1, NULL, '2019-08-14 10:18:09', NULL, '2019-08-14 10:18:09', NULL, NULL, NULL, NULL, NULL),
	(900, 67, 1, NULL, '2019-08-14 10:18:01', NULL, '2019-08-14 10:18:01', NULL, NULL, NULL, NULL, NULL),
	(901, 67, 1, NULL, '2019-08-14 10:24:41', NULL, '2019-08-14 10:24:41', NULL, NULL, NULL, NULL, NULL),
	(902, 65, -1, NULL, '2019-08-14 10:28:06', NULL, '2019-08-14 10:28:06', NULL, NULL, NULL, NULL, NULL),
	(902, 67, -1, NULL, '2019-08-14 10:24:35', NULL, '2019-08-14 10:24:35', NULL, NULL, NULL, NULL, NULL),
	(905, 65, 1, NULL, '2019-08-14 10:28:11', NULL, '2019-08-14 10:28:11', NULL, NULL, NULL, NULL, NULL),
	(906, 65, 1, NULL, '2019-08-14 10:51:18', NULL, '2019-08-14 10:51:18', NULL, NULL, NULL, NULL, NULL),
	(914, 70, -1, NULL, '2019-08-14 10:52:14', NULL, '2019-08-14 10:52:14', NULL, NULL, NULL, NULL, NULL),
	(921, 80, 1, NULL, '2019-08-14 10:56:20', NULL, '2019-08-14 10:56:20', NULL, NULL, NULL, NULL, NULL),
	(929, 62, 1, NULL, '2019-08-14 11:02:44', NULL, '2019-08-14 11:02:44', NULL, NULL, NULL, NULL, NULL),
	(929, 64, 1, NULL, '2019-08-14 11:02:31', NULL, '2019-08-14 11:02:31', NULL, NULL, NULL, NULL, NULL),
	(929, 72, 1, NULL, '2019-08-14 11:02:28', NULL, '2019-08-14 11:02:28', NULL, NULL, NULL, NULL, NULL),
	(930, 64, 1, NULL, '2019-08-14 11:02:34', NULL, '2019-08-14 11:02:34', NULL, NULL, NULL, NULL, NULL),
	(931, 64, 1, NULL, '2019-08-14 11:02:39', NULL, '2019-08-14 11:02:39', NULL, NULL, NULL, NULL, NULL),
	(931, 71, 1, NULL, '2019-08-14 11:02:16', NULL, '2019-08-14 11:02:16', NULL, NULL, NULL, NULL, NULL),
	(933, 86, 110, NULL, '2019-08-14 11:17:06', NULL, '2019-08-14 11:17:06', NULL, NULL, NULL, NULL, NULL),
	(934, 86, 101, NULL, '2019-08-14 11:15:51', NULL, '2019-08-14 11:15:51', NULL, NULL, NULL, NULL, NULL),
	(935, 64, 1, NULL, '2019-08-14 11:16:01', NULL, '2019-08-14 11:16:01', NULL, NULL, NULL, NULL, NULL),
	(935, 70, 1, NULL, '2019-08-14 11:16:58', NULL, '2019-08-14 11:16:58', NULL, NULL, NULL, NULL, NULL),
	(935, 86, 100, NULL, '2019-08-14 11:14:21', NULL, '2019-08-14 11:14:21', NULL, NULL, NULL, NULL, NULL),
	(936, 86, 10, NULL, '2019-08-14 11:13:31', NULL, '2019-08-14 11:13:31', NULL, NULL, NULL, NULL, NULL),
	(937, 70, 1, NULL, '2019-08-14 11:16:30', NULL, '2019-08-14 11:16:30', NULL, NULL, NULL, NULL, NULL),
	(937, 86, 1, NULL, '2019-08-14 11:09:04', NULL, '2019-08-14 11:09:04', NULL, NULL, NULL, NULL, NULL),
	(937, 87, 1, NULL, '2019-08-14 11:10:01', NULL, '2019-08-14 11:10:01', NULL, NULL, NULL, NULL, NULL);
/*!40000 ALTER TABLE `vote` ENABLE KEYS */;

-- 테이블 craq.ward 구조 내보내기
CREATE TABLE IF NOT EXISTS `ward` (
  `Article` int(11) NOT NULL,
  `User` int(11) NOT NULL,
  `createdUser` int(11) DEFAULT NULL,
  `created_at` timestamp NULL DEFAULT current_timestamp(),
  `updatedUser` int(11) DEFAULT NULL,
  `updated_at` timestamp NOT NULL DEFAULT current_timestamp() ON UPDATE current_timestamp(),
  `is_public` tinyint(4) DEFAULT 0,
  `is_active` tinyint(4) DEFAULT 0,
  `is_removed` tinyint(4) DEFAULT 0,
  `ip_address` text DEFAULT NULL,
  `info` text DEFAULT NULL,
  PRIMARY KEY (`Article`,`User`)
) ENGINE=InnoDB DEFAULT CHARSET=utf8;

-- 테이블 데이터 craq.ward:~9 rows (대략적) 내보내기
DELETE FROM `ward`;
/*!40000 ALTER TABLE `ward` DISABLE KEYS */;
INSERT INTO `ward` (`Article`, `User`, `createdUser`, `created_at`, `updatedUser`, `updated_at`, `is_public`, `is_active`, `is_removed`, `ip_address`, `info`) VALUES
	(858, 62, NULL, '2019-08-14 09:22:38', NULL, '2019-08-14 09:22:38', 0, 0, 0, NULL, NULL),
	(861, 66, NULL, '2019-08-14 09:24:07', NULL, '2019-08-14 09:24:07', 0, 0, 0, NULL, NULL),
	(863, 66, NULL, '2019-08-14 09:24:19', NULL, '2019-08-14 09:24:19', 0, 0, 0, NULL, NULL),
	(874, 66, NULL, '2019-08-14 09:24:12', NULL, '2019-08-14 09:24:12', 0, 0, 0, NULL, NULL),
	(898, 67, NULL, '2019-08-14 10:41:38', NULL, '2019-08-14 10:41:38', 0, 0, 0, NULL, NULL),
	(899, 66, NULL, '2019-08-14 10:31:16', NULL, '2019-08-14 10:31:16', 0, 0, 0, NULL, NULL),
	(899, 67, NULL, '2019-08-14 10:41:42', NULL, '2019-08-14 10:41:42', 0, 0, 0, NULL, NULL),
	(914, 70, NULL, '2019-08-14 10:52:19', NULL, '2019-08-14 10:52:20', 0, 0, 1, NULL, NULL),
	(929, 62, NULL, '2019-08-14 11:02:45', NULL, '2019-08-14 11:02:45', 0, 0, 0, NULL, NULL);
/*!40000 ALTER TABLE `ward` ENABLE KEYS */;

/*!40101 SET SQL_MODE=IFNULL(@OLD_SQL_MODE, '') */;
/*!40014 SET FOREIGN_KEY_CHECKS=IF(@OLD_FOREIGN_KEY_CHECKS IS NULL, 1, @OLD_FOREIGN_KEY_CHECKS) */;
/*!40101 SET CHARACTER_SET_CLIENT=@OLD_CHARACTER_SET_CLIENT */;
